-- MySQL dump 10.13  Distrib 8.0.22, for Linux (x86_64)
--
-- Host: localhost    Database: capstone
-- ------------------------------------------------------
-- Server version	8.0.22

/*!40101 SET @OLD_CHARACTER_SET_CLIENT=@@CHARACTER_SET_CLIENT */;
/*!40101 SET @OLD_CHARACTER_SET_RESULTS=@@CHARACTER_SET_RESULTS */;
/*!40101 SET @OLD_COLLATION_CONNECTION=@@COLLATION_CONNECTION */;
/*!50503 SET NAMES utf8mb4 */;
/*!40103 SET @OLD_TIME_ZONE=@@TIME_ZONE */;
/*!40103 SET TIME_ZONE='+00:00' */;
/*!40014 SET @OLD_UNIQUE_CHECKS=@@UNIQUE_CHECKS, UNIQUE_CHECKS=0 */;
/*!40014 SET @OLD_FOREIGN_KEY_CHECKS=@@FOREIGN_KEY_CHECKS, FOREIGN_KEY_CHECKS=0 */;
/*!40101 SET @OLD_SQL_MODE=@@SQL_MODE, SQL_MODE='NO_AUTO_VALUE_ON_ZERO' */;
/*!40111 SET @OLD_SQL_NOTES=@@SQL_NOTES, SQL_NOTES=0 */;

--
-- Table structure for table `attendance_log`
--

DROP TABLE IF EXISTS `attendance_log`;
/*!40101 SET @saved_cs_client     = @@character_set_client */;
/*!50503 SET character_set_client = utf8mb4 */;
CREATE TABLE `attendance_log` (
  `id` int NOT NULL AUTO_INCREMENT,
  `user_id` int NOT NULL,
  `subject_id` varchar(20) DEFAULT NULL,
  `group_code` varchar(20) DEFAULT NULL,
  `semester` int NOT NULL,
  `teacher_id` int NOT NULL,
  `device_id` int NOT NULL,
  `attendance_time` timestamp NULL DEFAULT NULL,
  `image_link` varchar(255) DEFAULT NULL,
  PRIMARY KEY (`id`)
) ENGINE=InnoDB AUTO_INCREMENT=17 DEFAULT CHARSET=utf8mb4 COLLATE=utf8mb4_0900_ai_ci;
/*!40101 SET character_set_client = @saved_cs_client */;

--
-- Dumping data for table `attendance_log`
--

LOCK TABLES `attendance_log` WRITE;
/*!40000 ALTER TABLE `attendance_log` DISABLE KEYS */;
INSERT INTO `attendance_log` VALUES (16,1752041,'CO0000','CC01',201,2,1,'2021-04-18 12:28:40','https://firebasestorage.googleapis.com/v0/b/capstone-bk.appspot.com/o/student%2F1752041%2Fattendance%2Fphotos%2F2021-04-18%2019:28:40.jpg?generation=1618748923003487&alt=media&token=38f43a97-8de6-4014-8753-9be3dff48135');
/*!40000 ALTER TABLE `attendance_log` ENABLE KEYS */;
UNLOCK TABLES;

--
-- Table structure for table `device`
--

DROP TABLE IF EXISTS `device`;
/*!40101 SET @saved_cs_client     = @@character_set_client */;
/*!50503 SET character_set_client = utf8mb4 */;
CREATE TABLE `device` (
  `id` int NOT NULL,
  `name` varchar(15) DEFAULT NULL,
  PRIMARY KEY (`id`)
) ENGINE=InnoDB DEFAULT CHARSET=utf8mb4 COLLATE=utf8mb4_0900_ai_ci;
/*!40101 SET character_set_client = @saved_cs_client */;

--
-- Dumping data for table `device`
--

LOCK TABLES `device` WRITE;
/*!40000 ALTER TABLE `device` DISABLE KEYS */;
INSERT INTO `device` VALUES (1,'raspA');
/*!40000 ALTER TABLE `device` ENABLE KEYS */;
UNLOCK TABLES;

--
-- Table structure for table `enrollment`
--

DROP TABLE IF EXISTS `enrollment`;
/*!40101 SET @saved_cs_client     = @@character_set_client */;
/*!50503 SET character_set_client = utf8mb4 */;
CREATE TABLE `enrollment` (
  `user_id` int NOT NULL,
  `subject_id` varchar(15) NOT NULL,
  `group_code` varchar(10) NOT NULL,
  `semester` int NOT NULL,
  PRIMARY KEY (`user_id`,`subject_id`,`group_code`,`semester`),
  KEY `FK_subject_reference` (`subject_id`,`group_code`,`semester`),
  CONSTRAINT `FK_subject_reference` FOREIGN KEY (`subject_id`, `group_code`, `semester`) REFERENCES `subject` (`id`, `group_code`, `semester`) ON DELETE CASCADE ON UPDATE CASCADE,
  CONSTRAINT `FK_user_reference` FOREIGN KEY (`user_id`) REFERENCES `user` (`id`) ON DELETE CASCADE ON UPDATE CASCADE
) ENGINE=InnoDB DEFAULT CHARSET=utf8mb4 COLLATE=utf8mb4_0900_ai_ci;
/*!40101 SET character_set_client = @saved_cs_client */;

--
-- Dumping data for table `enrollment`
--

LOCK TABLES `enrollment` WRITE;
/*!40000 ALTER TABLE `enrollment` DISABLE KEYS */;
INSERT INTO `enrollment` VALUES (0,'CO0000','CC01',201),(201,'CO0000','CC01',201),(1710779,'CO0000','CC01',201),(1711265,'CO0000','CC01',201),(1711947,'CO0000','CC01',201),(1712393,'CO0000','CC01',201),(1713505,'CO0000','CC01',201),(1752015,'CO0000','CC01',201),(1752041,'CO0000','CC01',201),(1752259,'CO0000','CC01',201),(1755555,'CO0000','CC01',201),(1810014,'CO0000','CC01',201),(1811669,'CO0000','CC01',201),(1812778,'CO0000','CC01',201),(1813159,'CO0000','CC01',201),(1814446,'CO0000','CC01',201),(1814454,'CO0000','CC01',201),(1870015,'CO0000','CC01',201),(1910643,'CO0000','CC01',201),(1911437,'CO0000','CC01',201),(1911704,'CO0000','CC01',201),(1912980,'CO0000','CC01',201),(1913424,'CO0000','CC01',201),(1913678,'CO0000','CC01',201),(1913832,'CO0000','CC01',201),(1916081,'CO0000','CC01',201),(1952740,'CO0000','CC01',201),(2010044,'CO0000','CC01',201),(2010102,'CO0000','CC01',201),(2010113,'CO0000','CC01',201),(2010133,'CO0000','CC01',201),(2010170,'CO0000','CC01',201),(2010173,'CO0000','CC01',201),(2010206,'CO0000','CC01',201),(2010226,'CO0000','CC01',201),(2010230,'CO0000','CC01',201),(2010236,'CO0000','CC01',201),(2010276,'CO0000','CC01',201),(2010285,'CO0000','CC01',201),(2010286,'CO0000','CC01',201),(2010289,'CO0000','CC01',201),(2010301,'CO0000','CC01',201),(2010330,'CO0000','CC01',201),(2010339,'CO0000','CC01',201),(2010391,'CO0000','CC01',201),(2010396,'CO0000','CC01',201),(2010405,'CO0000','CC01',201),(2010407,'CO0000','CC01',201),(2010416,'CO0000','CC01',201),(2010418,'CO0000','CC01',201),(2010421,'CO0000','CC01',201),(2010445,'CO0000','CC01',201),(2010455,'CO0000','CC01',201),(2010468,'CO0000','CC01',201),(2010480,'CO0000','CC01',201),(2010514,'CO0000','CC01',201),(2010524,'CO0000','CC01',201),(2010651,'CO0000','CC01',201),(2010655,'CO0000','CC01',201),(2010663,'CO0000','CC01',201),(2010714,'CO0000','CC01',201),(2010733,'CO0000','CC01',201),(2010734,'CO0000','CC01',201),(2010737,'CO0000','CC01',201),(2010747,'CO0000','CC01',201),(2010767,'CO0000','CC01',201),(2010785,'CO0000','CC01',201),(2010829,'CO0000','CC01',201),(2010859,'CO0000','CC01',201),(2010863,'CO0000','CC01',201),(2010926,'CO0000','CC01',201),(2010928,'CO0000','CC01',201),(2010951,'CO0000','CC01',201),(2010961,'CO0000','CC01',201),(2010968,'CO0000','CC01',201),(2011060,'CO0000','CC01',201),(2011064,'CO0000','CC01',201),(2011087,'CO0000','CC01',201),(2011128,'CO0000','CC01',201),(2011134,'CO0000','CC01',201),(2011151,'CO0000','CC01',201),(2011169,'CO0000','CC01',201),(2011203,'CO0000','CC01',201),(2011230,'CO0000','CC01',201),(2011266,'CO0000','CC01',201),(2011268,'CO0000','CC01',201),(2011283,'CO0000','CC01',201),(2011286,'CO0000','CC01',201),(2011291,'CO0000','CC01',201),(2011292,'CO0000','CC01',201),(2011297,'CO0000','CC01',201),(2011312,'CO0000','CC01',201),(2011313,'CO0000','CC01',201),(2011315,'CO0000','CC01',201),(2011318,'CO0000','CC01',201),(2011350,'CO0000','CC01',201),(2011364,'CO0000','CC01',201),(2011365,'CO0000','CC01',201),(2011368,'CO0000','CC01',201),(2011383,'CO0000','CC01',201),(2011401,'CO0000','CC01',201),(2011420,'CO0000','CC01',201),(2011421,'CO0000','CC01',201),(2011424,'CO0000','CC01',201),(2011507,'CO0000','CC01',201),(2011526,'CO0000','CC01',201),(2011553,'CO0000','CC01',201),(2011572,'CO0000','CC01',201),(2011649,'CO0000','CC01',201),(2011671,'CO0000','CC01',201),(2011672,'CO0000','CC01',201),(2011698,'CO0000','CC01',201),(2011706,'CO0000','CC01',201),(2011738,'CO0000','CC01',201),(2011744,'CO0000','CC01',201),(2011780,'CO0000','CC01',201),(2011797,'CO0000','CC01',201),(2011799,'CO0000','CC01',201),(2011833,'CO0000','CC01',201),(2011844,'CO0000','CC01',201),(2011848,'CO0000','CC01',201),(2011897,'CO0000','CC01',201),(2011899,'CO0000','CC01',201),(2011901,'CO0000','CC01',201),(2011920,'CO0000','CC01',201),(2011951,'CO0000','CC01',201),(2011969,'CO0000','CC01',201),(2011970,'CO0000','CC01',201),(2012018,'CO0000','CC01',201),(2012024,'CO0000','CC01',201),(2012085,'CO0000','CC01',201),(2012103,'CO0000','CC01',201),(2012107,'CO0000','CC01',201),(2012119,'CO0000','CC01',201),(2012122,'CO0000','CC01',201),(2012158,'CO0000','CC01',201),(2012193,'CO0000','CC01',201),(2012196,'CO0000','CC01',201),(2012211,'CO0000','CC01',201),(2012233,'CO0000','CC01',201),(2012299,'CO0000','CC01',201),(2012348,'CO0000','CC01',201),(2012360,'CO0000','CC01',201),(2012368,'CO0000','CC01',201),(2012383,'CO0000','CC01',201),(2012388,'CO0000','CC01',201),(2012392,'CO0000','CC01',201),(2012397,'CO0000','CC01',201),(2012430,'CO0000','CC01',201),(2012445,'CO0000','CC01',201),(2012458,'CO0000','CC01',201),(2012504,'CO0000','CC01',201),(2012506,'CO0000','CC01',201),(2012516,'CO0000','CC01',201),(2012522,'CO0000','CC01',201),(2012527,'CO0000','CC01',201),(2012528,'CO0000','CC01',201),(2012538,'CO0000','CC01',201),(2012545,'CO0000','CC01',201),(2012595,'CO0000','CC01',201),(2012608,'CO0000','CC01',201),(2012653,'CO0000','CC01',201),(2012670,'CO0000','CC01',201),(2012682,'CO0000','CC01',201),(2012684,'CO0000','CC01',201),(2012734,'CO0000','CC01',201),(2012738,'CO0000','CC01',201),(2012752,'CO0000','CC01',201),(2012754,'CO0000','CC01',201),(2012789,'CO0000','CC01',201),(2012840,'CO0000','CC01',201),(2012850,'CO0000','CC01',201),(2012863,'CO0000','CC01',201),(2012920,'CO0000','CC01',201),(2012927,'CO0000','CC01',201),(2012945,'CO0000','CC01',201),(2012957,'CO0000','CC01',201),(2012989,'CO0000','CC01',201),(2013071,'CO0000','CC01',201),(2013091,'CO0000','CC01',201),(2013149,'CO0000','CC01',201),(2013247,'CO0000','CC01',201),(2013329,'CO0000','CC01',201),(2013332,'CO0000','CC01',201),(2013344,'CO0000','CC01',201),(2013375,'CO0000','CC01',201),(2013381,'CO0000','CC01',201),(2013383,'CO0000','CC01',201),(2013389,'CO0000','CC01',201),(2013392,'CO0000','CC01',201),(2013425,'CO0000','CC01',201),(2013452,'CO0000','CC01',201),(2013489,'CO0000','CC01',201),(2013515,'CO0000','CC01',201),(2013544,'CO0000','CC01',201),(2013552,'CO0000','CC01',201),(2013565,'CO0000','CC01',201),(2013635,'CO0000','CC01',201),(2013653,'CO0000','CC01',201),(2013673,'CO0000','CC01',201),(2013678,'CO0000','CC01',201),(2013684,'CO0000','CC01',201),(2013695,'CO0000','CC01',201),(2013703,'CO0000','CC01',201),(2013705,'CO0000','CC01',201),(2013722,'CO0000','CC01',201),(2013728,'CO0000','CC01',201),(2013736,'CO0000','CC01',201),(2013748,'CO0000','CC01',201),(2013761,'CO0000','CC01',201),(2013787,'CO0000','CC01',201),(2013796,'CO0000','CC01',201),(2013805,'CO0000','CC01',201),(2013811,'CO0000','CC01',201),(2013827,'CO0000','CC01',201),(2013857,'CO0000','CC01',201),(2013873,'CO0000','CC01',201),(2013909,'CO0000','CC01',201),(2013914,'CO0000','CC01',201),(2013917,'CO0000','CC01',201),(2013923,'CO0000','CC01',201),(2014009,'CO0000','CC01',201),(2014114,'CO0000','CC01',201),(2014121,'CO0000','CC01',201),(2014130,'CO0000','CC01',201),(2014140,'CO0000','CC01',201),(2014156,'CO0000','CC01',201),(2014159,'CO0000','CC01',201),(2014199,'CO0000','CC01',201),(2014230,'CO0000','CC01',201),(2014236,'CO0000','CC01',201),(2014251,'CO0000','CC01',201),(2014289,'CO0000','CC01',201),(2014291,'CO0000','CC01',201),(2014294,'CO0000','CC01',201),(2014295,'CO0000','CC01',201),(2014344,'CO0000','CC01',201),(2014364,'CO0000','CC01',201),(2014420,'CO0000','CC01',201),(2014485,'CO0000','CC01',201),(2014486,'CO0000','CC01',201),(2014487,'CO0000','CC01',201),(2014512,'CO0000','CC01',201),(2014545,'CO0000','CC01',201),(2014548,'CO0000','CC01',201),(2014563,'CO0000','CC01',201),(2014567,'CO0000','CC01',201),(2014583,'CO0000','CC01',201),(2014591,'CO0000','CC01',201),(2014603,'CO0000','CC01',201),(2014659,'CO0000','CC01',201),(2014725,'CO0000','CC01',201),(2014731,'CO0000','CC01',201),(2014771,'CO0000','CC01',201),(2014773,'CO0000','CC01',201),(2014775,'CO0000','CC01',201),(2014805,'CO0000','CC01',201),(2014815,'CO0000','CC01',201),(2014882,'CO0000','CC01',201),(2014921,'CO0000','CC01',201),(2014931,'CO0000','CC01',201),(2014946,'CO0000','CC01',201),(2014949,'CO0000','CC01',201),(2014982,'CO0000','CC01',201),(2015007,'CO0000','CC01',201),(2015025,'CO0000','CC01',201),(2015080,'CO0000','CC01',201),(2015107,'CO0000','CC01',201),(2015108,'CO0000','CC01',201),(2015112,'CO0000','CC01',201),(2015118,'CO0000','CC01',201),(2015148,'CO0000','CC01',201),(2015942,'CO0000','CC01',201);
/*!40000 ALTER TABLE `enrollment` ENABLE KEYS */;
UNLOCK TABLES;

--
-- Table structure for table `register`
--

DROP TABLE IF EXISTS `register`;
/*!40101 SET @saved_cs_client     = @@character_set_client */;
/*!50503 SET character_set_client = utf8mb4 */;
CREATE TABLE `register` (
  `id` int NOT NULL AUTO_INCREMENT,
  `user_id` int NOT NULL,
  `image_link` varchar(255) DEFAULT NULL,
  PRIMARY KEY (`id`),
  KEY `user_id` (`user_id`),
  CONSTRAINT `register_ibfk_1` FOREIGN KEY (`user_id`) REFERENCES `user` (`id`) ON UPDATE CASCADE
) ENGINE=InnoDB AUTO_INCREMENT=273 DEFAULT CHARSET=utf8mb4 COLLATE=utf8mb4_0900_ai_ci;
/*!40101 SET character_set_client = @saved_cs_client */;

--
-- Dumping data for table `register`
--

LOCK TABLES `register` WRITE;
/*!40000 ALTER TABLE `register` DISABLE KEYS */;
INSERT INTO `register` VALUES (1,1752259,'123'),(2,1710779,'https://firebasestorage.googleapis.com/v0/b/capstone-bk.appspot.com/o/student%2F1710779%2Fregister%2Fphotos%2F0.jpg?alt=media'),(3,1711265,'https://firebasestorage.googleapis.com/v0/b/capstone-bk.appspot.com/o/student%2F1711265%2Fregister%2Fphotos%2F0.jpg?alt=media'),(4,1711947,'https://firebasestorage.googleapis.com/v0/b/capstone-bk.appspot.com/o/student%2F1711947%2Fregister%2Fphotos%2F0.jpg?alt=media'),(5,1712393,'https://firebasestorage.googleapis.com/v0/b/capstone-bk.appspot.com/o/student%2F1712393%2Fregister%2Fphotos%2F0.jpg?alt=media'),(6,1713505,'https://firebasestorage.googleapis.com/v0/b/capstone-bk.appspot.com/o/student%2F1713505%2Fregister%2Fphotos%2F0.jpg?alt=media'),(7,1752015,'https://firebasestorage.googleapis.com/v0/b/capstone-bk.appspot.com/o/student%2F1752015%2Fregister%2Fphotos%2F0.jpg?alt=media'),(8,1752041,'https://firebasestorage.googleapis.com/v0/b/capstone-bk.appspot.com/o/student%2F1752041%2Fregister%2Fphotos%2F0.jpg?alt=media'),(9,1752259,'https://firebasestorage.googleapis.com/v0/b/capstone-bk.appspot.com/o/student%2F1752259%2Fregister%2Fphotos%2F0.jpg?alt=media'),(10,1755555,'https://firebasestorage.googleapis.com/v0/b/capstone-bk.appspot.com/o/student%2F1755555%2Fregister%2Fphotos%2F0.jpg?alt=media'),(11,1810014,'https://firebasestorage.googleapis.com/v0/b/capstone-bk.appspot.com/o/student%2F1810014%2Fregister%2Fphotos%2F0.jpg?alt=media'),(12,1811669,'https://firebasestorage.googleapis.com/v0/b/capstone-bk.appspot.com/o/student%2F1811669%2Fregister%2Fphotos%2F0.jpg?alt=media'),(13,1812778,'https://firebasestorage.googleapis.com/v0/b/capstone-bk.appspot.com/o/student%2F1812778%2Fregister%2Fphotos%2F0.jpg?alt=media'),(14,1813159,'https://firebasestorage.googleapis.com/v0/b/capstone-bk.appspot.com/o/student%2F1813159%2Fregister%2Fphotos%2F0.jpg?alt=media'),(15,1814446,'https://firebasestorage.googleapis.com/v0/b/capstone-bk.appspot.com/o/student%2F1814446%2Fregister%2Fphotos%2F0.jpg?alt=media'),(16,1814454,'https://firebasestorage.googleapis.com/v0/b/capstone-bk.appspot.com/o/student%2F1814454%2Fregister%2Fphotos%2F0.jpg?alt=media'),(17,1870015,'https://firebasestorage.googleapis.com/v0/b/capstone-bk.appspot.com/o/student%2F1870015%2Fregister%2Fphotos%2F0.jpg?alt=media'),(18,1910643,'https://firebasestorage.googleapis.com/v0/b/capstone-bk.appspot.com/o/student%2F1910643%2Fregister%2Fphotos%2F0.jpg?alt=media'),(19,1911437,'https://firebasestorage.googleapis.com/v0/b/capstone-bk.appspot.com/o/student%2F1911437%2Fregister%2Fphotos%2F0.jpg?alt=media'),(20,1911704,'https://firebasestorage.googleapis.com/v0/b/capstone-bk.appspot.com/o/student%2F1911704%2Fregister%2Fphotos%2F0.jpg?alt=media'),(21,1912980,'https://firebasestorage.googleapis.com/v0/b/capstone-bk.appspot.com/o/student%2F1912980%2Fregister%2Fphotos%2F0.jpg?alt=media'),(22,1913424,'https://firebasestorage.googleapis.com/v0/b/capstone-bk.appspot.com/o/student%2F1913424%2Fregister%2Fphotos%2F0.jpg?alt=media'),(23,1913678,'https://firebasestorage.googleapis.com/v0/b/capstone-bk.appspot.com/o/student%2F1913678%2Fregister%2Fphotos%2F0.jpg?alt=media'),(24,1913832,'https://firebasestorage.googleapis.com/v0/b/capstone-bk.appspot.com/o/student%2F1913832%2Fregister%2Fphotos%2F0.jpg?alt=media'),(25,1916081,'https://firebasestorage.googleapis.com/v0/b/capstone-bk.appspot.com/o/student%2F1916081%2Fregister%2Fphotos%2F0.jpg?alt=media'),(26,1952740,'https://firebasestorage.googleapis.com/v0/b/capstone-bk.appspot.com/o/student%2F1952740%2Fregister%2Fphotos%2F0.jpg?alt=media'),(27,2010044,'https://firebasestorage.googleapis.com/v0/b/capstone-bk.appspot.com/o/student%2F2010044%2Fregister%2Fphotos%2F0.jpg?alt=media'),(28,2010102,'https://firebasestorage.googleapis.com/v0/b/capstone-bk.appspot.com/o/student%2F2010102%2Fregister%2Fphotos%2F0.jpg?alt=media'),(29,2010113,'https://firebasestorage.googleapis.com/v0/b/capstone-bk.appspot.com/o/student%2F2010113%2Fregister%2Fphotos%2F0.jpg?alt=media'),(30,2010133,'https://firebasestorage.googleapis.com/v0/b/capstone-bk.appspot.com/o/student%2F2010133%2Fregister%2Fphotos%2F0.jpg?alt=media'),(31,2010170,'https://firebasestorage.googleapis.com/v0/b/capstone-bk.appspot.com/o/student%2F2010170%2Fregister%2Fphotos%2F0.jpg?alt=media'),(32,2010173,'https://firebasestorage.googleapis.com/v0/b/capstone-bk.appspot.com/o/student%2F2010173%2Fregister%2Fphotos%2F0.jpg?alt=media'),(33,2010206,'https://firebasestorage.googleapis.com/v0/b/capstone-bk.appspot.com/o/student%2F2010206%2Fregister%2Fphotos%2F0.jpg?alt=media'),(34,2010226,'https://firebasestorage.googleapis.com/v0/b/capstone-bk.appspot.com/o/student%2F2010226%2Fregister%2Fphotos%2F0.jpg?alt=media'),(35,2010230,'https://firebasestorage.googleapis.com/v0/b/capstone-bk.appspot.com/o/student%2F2010230%2Fregister%2Fphotos%2F0.jpg?alt=media'),(36,2010236,'https://firebasestorage.googleapis.com/v0/b/capstone-bk.appspot.com/o/student%2F2010236%2Fregister%2Fphotos%2F0.jpg?alt=media'),(37,2010276,'https://firebasestorage.googleapis.com/v0/b/capstone-bk.appspot.com/o/student%2F2010276%2Fregister%2Fphotos%2F0.jpg?alt=media'),(38,2010285,'https://firebasestorage.googleapis.com/v0/b/capstone-bk.appspot.com/o/student%2F2010285%2Fregister%2Fphotos%2F0.jpg?alt=media'),(39,2010286,'https://firebasestorage.googleapis.com/v0/b/capstone-bk.appspot.com/o/student%2F2010286%2Fregister%2Fphotos%2F0.jpg?alt=media'),(40,2010289,'https://firebasestorage.googleapis.com/v0/b/capstone-bk.appspot.com/o/student%2F2010289%2Fregister%2Fphotos%2F0.jpg?alt=media'),(41,2010301,'https://firebasestorage.googleapis.com/v0/b/capstone-bk.appspot.com/o/student%2F2010301%2Fregister%2Fphotos%2F0.jpg?alt=media'),(42,2010330,'https://firebasestorage.googleapis.com/v0/b/capstone-bk.appspot.com/o/student%2F2010330%2Fregister%2Fphotos%2F0.jpg?alt=media'),(43,2010339,'https://firebasestorage.googleapis.com/v0/b/capstone-bk.appspot.com/o/student%2F2010339%2Fregister%2Fphotos%2F0.jpg?alt=media'),(44,2010391,'https://firebasestorage.googleapis.com/v0/b/capstone-bk.appspot.com/o/student%2F2010391%2Fregister%2Fphotos%2F0.jpg?alt=media'),(45,2010396,'https://firebasestorage.googleapis.com/v0/b/capstone-bk.appspot.com/o/student%2F2010396%2Fregister%2Fphotos%2F0.jpg?alt=media'),(46,2010405,'https://firebasestorage.googleapis.com/v0/b/capstone-bk.appspot.com/o/student%2F2010405%2Fregister%2Fphotos%2F0.jpg?alt=media'),(47,2010407,'https://firebasestorage.googleapis.com/v0/b/capstone-bk.appspot.com/o/student%2F2010407%2Fregister%2Fphotos%2F0.jpg?alt=media'),(48,2010416,'https://firebasestorage.googleapis.com/v0/b/capstone-bk.appspot.com/o/student%2F2010416%2Fregister%2Fphotos%2F0.jpg?alt=media'),(49,2010418,'https://firebasestorage.googleapis.com/v0/b/capstone-bk.appspot.com/o/student%2F2010418%2Fregister%2Fphotos%2F0.jpg?alt=media'),(50,2010421,'https://firebasestorage.googleapis.com/v0/b/capstone-bk.appspot.com/o/student%2F2010421%2Fregister%2Fphotos%2F0.jpg?alt=media'),(51,2010445,'https://firebasestorage.googleapis.com/v0/b/capstone-bk.appspot.com/o/student%2F2010445%2Fregister%2Fphotos%2F0.jpg?alt=media'),(52,2010455,'https://firebasestorage.googleapis.com/v0/b/capstone-bk.appspot.com/o/student%2F2010455%2Fregister%2Fphotos%2F0.jpg?alt=media'),(53,2010468,'https://firebasestorage.googleapis.com/v0/b/capstone-bk.appspot.com/o/student%2F2010468%2Fregister%2Fphotos%2F0.jpg?alt=media'),(54,2010480,'https://firebasestorage.googleapis.com/v0/b/capstone-bk.appspot.com/o/student%2F2010480%2Fregister%2Fphotos%2F0.jpg?alt=media'),(55,2010514,'https://firebasestorage.googleapis.com/v0/b/capstone-bk.appspot.com/o/student%2F2010514%2Fregister%2Fphotos%2F0.jpg?alt=media'),(56,2010524,'https://firebasestorage.googleapis.com/v0/b/capstone-bk.appspot.com/o/student%2F2010524%2Fregister%2Fphotos%2F0.jpg?alt=media'),(57,2010651,'https://firebasestorage.googleapis.com/v0/b/capstone-bk.appspot.com/o/student%2F2010651%2Fregister%2Fphotos%2F0.jpg?alt=media'),(58,2010655,'https://firebasestorage.googleapis.com/v0/b/capstone-bk.appspot.com/o/student%2F2010655%2Fregister%2Fphotos%2F0.jpg?alt=media'),(59,2010663,'https://firebasestorage.googleapis.com/v0/b/capstone-bk.appspot.com/o/student%2F2010663%2Fregister%2Fphotos%2F0.jpg?alt=media'),(60,2010714,'https://firebasestorage.googleapis.com/v0/b/capstone-bk.appspot.com/o/student%2F2010714%2Fregister%2Fphotos%2F0.jpg?alt=media'),(61,2010733,'https://firebasestorage.googleapis.com/v0/b/capstone-bk.appspot.com/o/student%2F2010733%2Fregister%2Fphotos%2F0.jpg?alt=media'),(62,2010734,'https://firebasestorage.googleapis.com/v0/b/capstone-bk.appspot.com/o/student%2F2010734%2Fregister%2Fphotos%2F0.jpg?alt=media'),(63,2010737,'https://firebasestorage.googleapis.com/v0/b/capstone-bk.appspot.com/o/student%2F2010737%2Fregister%2Fphotos%2F0.jpg?alt=media'),(64,2010747,'https://firebasestorage.googleapis.com/v0/b/capstone-bk.appspot.com/o/student%2F2010747%2Fregister%2Fphotos%2F0.jpg?alt=media'),(65,2010767,'https://firebasestorage.googleapis.com/v0/b/capstone-bk.appspot.com/o/student%2F2010767%2Fregister%2Fphotos%2F0.jpg?alt=media'),(66,2010785,'https://firebasestorage.googleapis.com/v0/b/capstone-bk.appspot.com/o/student%2F2010785%2Fregister%2Fphotos%2F0.jpg?alt=media'),(67,2010829,'https://firebasestorage.googleapis.com/v0/b/capstone-bk.appspot.com/o/student%2F2010829%2Fregister%2Fphotos%2F0.jpg?alt=media'),(68,2010859,'https://firebasestorage.googleapis.com/v0/b/capstone-bk.appspot.com/o/student%2F2010859%2Fregister%2Fphotos%2F0.jpg?alt=media'),(69,2010863,'https://firebasestorage.googleapis.com/v0/b/capstone-bk.appspot.com/o/student%2F2010863%2Fregister%2Fphotos%2F0.jpg?alt=media'),(70,2010926,'https://firebasestorage.googleapis.com/v0/b/capstone-bk.appspot.com/o/student%2F2010926%2Fregister%2Fphotos%2F0.jpg?alt=media'),(71,2010928,'https://firebasestorage.googleapis.com/v0/b/capstone-bk.appspot.com/o/student%2F2010928%2Fregister%2Fphotos%2F0.jpg?alt=media'),(72,2010951,'https://firebasestorage.googleapis.com/v0/b/capstone-bk.appspot.com/o/student%2F2010951%2Fregister%2Fphotos%2F0.jpg?alt=media'),(73,2010961,'https://firebasestorage.googleapis.com/v0/b/capstone-bk.appspot.com/o/student%2F2010961%2Fregister%2Fphotos%2F0.jpg?alt=media'),(74,2010968,'https://firebasestorage.googleapis.com/v0/b/capstone-bk.appspot.com/o/student%2F2010968%2Fregister%2Fphotos%2F0.jpg?alt=media'),(75,2011060,'https://firebasestorage.googleapis.com/v0/b/capstone-bk.appspot.com/o/student%2F2011060%2Fregister%2Fphotos%2F0.jpg?alt=media'),(76,2011064,'https://firebasestorage.googleapis.com/v0/b/capstone-bk.appspot.com/o/student%2F2011064%2Fregister%2Fphotos%2F0.jpg?alt=media'),(77,2011087,'https://firebasestorage.googleapis.com/v0/b/capstone-bk.appspot.com/o/student%2F2011087%2Fregister%2Fphotos%2F0.jpg?alt=media'),(78,2011128,'https://firebasestorage.googleapis.com/v0/b/capstone-bk.appspot.com/o/student%2F2011128%2Fregister%2Fphotos%2F0.jpg?alt=media'),(79,2011134,'https://firebasestorage.googleapis.com/v0/b/capstone-bk.appspot.com/o/student%2F2011134%2Fregister%2Fphotos%2F0.jpg?alt=media'),(80,2011151,'https://firebasestorage.googleapis.com/v0/b/capstone-bk.appspot.com/o/student%2F2011151%2Fregister%2Fphotos%2F0.jpg?alt=media'),(81,2011169,'https://firebasestorage.googleapis.com/v0/b/capstone-bk.appspot.com/o/student%2F2011169%2Fregister%2Fphotos%2F0.jpg?alt=media'),(82,2011203,'https://firebasestorage.googleapis.com/v0/b/capstone-bk.appspot.com/o/student%2F2011203%2Fregister%2Fphotos%2F0.jpg?alt=media'),(83,2011230,'https://firebasestorage.googleapis.com/v0/b/capstone-bk.appspot.com/o/student%2F2011230%2Fregister%2Fphotos%2F0.jpg?alt=media'),(84,2011266,'https://firebasestorage.googleapis.com/v0/b/capstone-bk.appspot.com/o/student%2F2011266%2Fregister%2Fphotos%2F0.jpg?alt=media'),(85,2011268,'https://firebasestorage.googleapis.com/v0/b/capstone-bk.appspot.com/o/student%2F2011268%2Fregister%2Fphotos%2F0.jpg?alt=media'),(86,2011283,'https://firebasestorage.googleapis.com/v0/b/capstone-bk.appspot.com/o/student%2F2011283%2Fregister%2Fphotos%2F0.jpg?alt=media'),(87,2011286,'https://firebasestorage.googleapis.com/v0/b/capstone-bk.appspot.com/o/student%2F2011286%2Fregister%2Fphotos%2F0.jpg?alt=media'),(88,2011291,'https://firebasestorage.googleapis.com/v0/b/capstone-bk.appspot.com/o/student%2F2011291%2Fregister%2Fphotos%2F0.jpg?alt=media'),(89,2011292,'https://firebasestorage.googleapis.com/v0/b/capstone-bk.appspot.com/o/student%2F2011292%2Fregister%2Fphotos%2F0.jpg?alt=media'),(90,2011297,'https://firebasestorage.googleapis.com/v0/b/capstone-bk.appspot.com/o/student%2F2011297%2Fregister%2Fphotos%2F0.jpg?alt=media'),(91,2011312,'https://firebasestorage.googleapis.com/v0/b/capstone-bk.appspot.com/o/student%2F2011312%2Fregister%2Fphotos%2F0.jpg?alt=media'),(92,2011313,'https://firebasestorage.googleapis.com/v0/b/capstone-bk.appspot.com/o/student%2F2011313%2Fregister%2Fphotos%2F0.jpg?alt=media'),(93,2011315,'https://firebasestorage.googleapis.com/v0/b/capstone-bk.appspot.com/o/student%2F2011315%2Fregister%2Fphotos%2F0.jpg?alt=media'),(94,2011318,'https://firebasestorage.googleapis.com/v0/b/capstone-bk.appspot.com/o/student%2F2011318%2Fregister%2Fphotos%2F0.jpg?alt=media'),(95,2011350,'https://firebasestorage.googleapis.com/v0/b/capstone-bk.appspot.com/o/student%2F2011350%2Fregister%2Fphotos%2F0.jpg?alt=media'),(96,2011364,'https://firebasestorage.googleapis.com/v0/b/capstone-bk.appspot.com/o/student%2F2011364%2Fregister%2Fphotos%2F0.jpg?alt=media'),(97,2011365,'https://firebasestorage.googleapis.com/v0/b/capstone-bk.appspot.com/o/student%2F2011365%2Fregister%2Fphotos%2F0.jpg?alt=media'),(98,2011368,'https://firebasestorage.googleapis.com/v0/b/capstone-bk.appspot.com/o/student%2F2011368%2Fregister%2Fphotos%2F0.jpg?alt=media'),(99,2011383,'https://firebasestorage.googleapis.com/v0/b/capstone-bk.appspot.com/o/student%2F2011383%2Fregister%2Fphotos%2F0.jpg?alt=media'),(100,2011401,'https://firebasestorage.googleapis.com/v0/b/capstone-bk.appspot.com/o/student%2F2011401%2Fregister%2Fphotos%2F0.jpg?alt=media'),(101,2011420,'https://firebasestorage.googleapis.com/v0/b/capstone-bk.appspot.com/o/student%2F2011420%2Fregister%2Fphotos%2F0.jpg?alt=media'),(102,2011421,'https://firebasestorage.googleapis.com/v0/b/capstone-bk.appspot.com/o/student%2F2011421%2Fregister%2Fphotos%2F0.jpg?alt=media'),(103,2011424,'https://firebasestorage.googleapis.com/v0/b/capstone-bk.appspot.com/o/student%2F2011424%2Fregister%2Fphotos%2F0.jpg?alt=media'),(104,2011507,'https://firebasestorage.googleapis.com/v0/b/capstone-bk.appspot.com/o/student%2F2011507%2Fregister%2Fphotos%2F0.jpg?alt=media'),(105,2011526,'https://firebasestorage.googleapis.com/v0/b/capstone-bk.appspot.com/o/student%2F2011526%2Fregister%2Fphotos%2F0.jpg?alt=media'),(106,2011553,'https://firebasestorage.googleapis.com/v0/b/capstone-bk.appspot.com/o/student%2F2011553%2Fregister%2Fphotos%2F0.jpg?alt=media'),(107,2011572,'https://firebasestorage.googleapis.com/v0/b/capstone-bk.appspot.com/o/student%2F2011572%2Fregister%2Fphotos%2F0.jpg?alt=media'),(108,2011649,'https://firebasestorage.googleapis.com/v0/b/capstone-bk.appspot.com/o/student%2F2011649%2Fregister%2Fphotos%2F0.jpg?alt=media'),(109,2011671,'https://firebasestorage.googleapis.com/v0/b/capstone-bk.appspot.com/o/student%2F2011671%2Fregister%2Fphotos%2F0.jpg?alt=media'),(110,2011672,'https://firebasestorage.googleapis.com/v0/b/capstone-bk.appspot.com/o/student%2F2011672%2Fregister%2Fphotos%2F0.jpg?alt=media'),(111,2011698,'https://firebasestorage.googleapis.com/v0/b/capstone-bk.appspot.com/o/student%2F2011698%2Fregister%2Fphotos%2F0.jpg?alt=media'),(112,2011706,'https://firebasestorage.googleapis.com/v0/b/capstone-bk.appspot.com/o/student%2F2011706%2Fregister%2Fphotos%2F0.jpg?alt=media'),(113,2011738,'https://firebasestorage.googleapis.com/v0/b/capstone-bk.appspot.com/o/student%2F2011738%2Fregister%2Fphotos%2F0.jpg?alt=media'),(114,2011744,'https://firebasestorage.googleapis.com/v0/b/capstone-bk.appspot.com/o/student%2F2011744%2Fregister%2Fphotos%2F0.jpg?alt=media'),(115,2011780,'https://firebasestorage.googleapis.com/v0/b/capstone-bk.appspot.com/o/student%2F2011780%2Fregister%2Fphotos%2F0.jpg?alt=media'),(116,2011797,'https://firebasestorage.googleapis.com/v0/b/capstone-bk.appspot.com/o/student%2F2011797%2Fregister%2Fphotos%2F0.jpg?alt=media'),(117,2011799,'https://firebasestorage.googleapis.com/v0/b/capstone-bk.appspot.com/o/student%2F2011799%2Fregister%2Fphotos%2F0.jpg?alt=media'),(118,2011833,'https://firebasestorage.googleapis.com/v0/b/capstone-bk.appspot.com/o/student%2F2011833%2Fregister%2Fphotos%2F0.jpg?alt=media'),(119,2011844,'https://firebasestorage.googleapis.com/v0/b/capstone-bk.appspot.com/o/student%2F2011844%2Fregister%2Fphotos%2F0.jpg?alt=media'),(120,2011848,'https://firebasestorage.googleapis.com/v0/b/capstone-bk.appspot.com/o/student%2F2011848%2Fregister%2Fphotos%2F0.jpg?alt=media'),(121,2011897,'https://firebasestorage.googleapis.com/v0/b/capstone-bk.appspot.com/o/student%2F2011897%2Fregister%2Fphotos%2F0.jpg?alt=media'),(122,2011899,'https://firebasestorage.googleapis.com/v0/b/capstone-bk.appspot.com/o/student%2F2011899%2Fregister%2Fphotos%2F0.jpg?alt=media'),(123,2011901,'https://firebasestorage.googleapis.com/v0/b/capstone-bk.appspot.com/o/student%2F2011901%2Fregister%2Fphotos%2F0.jpg?alt=media'),(124,2011920,'https://firebasestorage.googleapis.com/v0/b/capstone-bk.appspot.com/o/student%2F2011920%2Fregister%2Fphotos%2F0.jpg?alt=media'),(125,2011951,'https://firebasestorage.googleapis.com/v0/b/capstone-bk.appspot.com/o/student%2F2011951%2Fregister%2Fphotos%2F0.jpg?alt=media'),(126,2011969,'https://firebasestorage.googleapis.com/v0/b/capstone-bk.appspot.com/o/student%2F2011969%2Fregister%2Fphotos%2F0.jpg?alt=media'),(127,2011970,'https://firebasestorage.googleapis.com/v0/b/capstone-bk.appspot.com/o/student%2F2011970%2Fregister%2Fphotos%2F0.jpg?alt=media'),(128,2012018,'https://firebasestorage.googleapis.com/v0/b/capstone-bk.appspot.com/o/student%2F2012018%2Fregister%2Fphotos%2F0.jpg?alt=media'),(129,2012024,'https://firebasestorage.googleapis.com/v0/b/capstone-bk.appspot.com/o/student%2F2012024%2Fregister%2Fphotos%2F0.jpg?alt=media'),(130,2012085,'https://firebasestorage.googleapis.com/v0/b/capstone-bk.appspot.com/o/student%2F2012085%2Fregister%2Fphotos%2F0.jpg?alt=media'),(131,2012103,'https://firebasestorage.googleapis.com/v0/b/capstone-bk.appspot.com/o/student%2F2012103%2Fregister%2Fphotos%2F0.jpg?alt=media'),(132,2012107,'https://firebasestorage.googleapis.com/v0/b/capstone-bk.appspot.com/o/student%2F2012107%2Fregister%2Fphotos%2F0.jpg?alt=media'),(133,2012119,'https://firebasestorage.googleapis.com/v0/b/capstone-bk.appspot.com/o/student%2F2012119%2Fregister%2Fphotos%2F0.jpg?alt=media'),(134,2012122,'https://firebasestorage.googleapis.com/v0/b/capstone-bk.appspot.com/o/student%2F2012122%2Fregister%2Fphotos%2F0.jpg?alt=media'),(135,2012158,'https://firebasestorage.googleapis.com/v0/b/capstone-bk.appspot.com/o/student%2F2012158%2Fregister%2Fphotos%2F0.jpg?alt=media'),(136,2012193,'https://firebasestorage.googleapis.com/v0/b/capstone-bk.appspot.com/o/student%2F2012193%2Fregister%2Fphotos%2F0.jpg?alt=media'),(137,2012196,'https://firebasestorage.googleapis.com/v0/b/capstone-bk.appspot.com/o/student%2F2012196%2Fregister%2Fphotos%2F0.jpg?alt=media'),(138,2012211,'https://firebasestorage.googleapis.com/v0/b/capstone-bk.appspot.com/o/student%2F2012211%2Fregister%2Fphotos%2F0.jpg?alt=media'),(139,2012233,'https://firebasestorage.googleapis.com/v0/b/capstone-bk.appspot.com/o/student%2F2012233%2Fregister%2Fphotos%2F0.jpg?alt=media'),(140,2012299,'https://firebasestorage.googleapis.com/v0/b/capstone-bk.appspot.com/o/student%2F2012299%2Fregister%2Fphotos%2F0.jpg?alt=media'),(141,2012348,'https://firebasestorage.googleapis.com/v0/b/capstone-bk.appspot.com/o/student%2F2012348%2Fregister%2Fphotos%2F0.jpg?alt=media'),(142,2012360,'https://firebasestorage.googleapis.com/v0/b/capstone-bk.appspot.com/o/student%2F2012360%2Fregister%2Fphotos%2F0.jpg?alt=media'),(143,2012368,'https://firebasestorage.googleapis.com/v0/b/capstone-bk.appspot.com/o/student%2F2012368%2Fregister%2Fphotos%2F0.jpg?alt=media'),(144,2012383,'https://firebasestorage.googleapis.com/v0/b/capstone-bk.appspot.com/o/student%2F2012383%2Fregister%2Fphotos%2F0.jpg?alt=media'),(145,2012388,'https://firebasestorage.googleapis.com/v0/b/capstone-bk.appspot.com/o/student%2F2012388%2Fregister%2Fphotos%2F0.jpg?alt=media'),(146,2012392,'https://firebasestorage.googleapis.com/v0/b/capstone-bk.appspot.com/o/student%2F2012392%2Fregister%2Fphotos%2F0.jpg?alt=media'),(147,2012397,'https://firebasestorage.googleapis.com/v0/b/capstone-bk.appspot.com/o/student%2F2012397%2Fregister%2Fphotos%2F0.jpg?alt=media'),(148,2012430,'https://firebasestorage.googleapis.com/v0/b/capstone-bk.appspot.com/o/student%2F2012430%2Fregister%2Fphotos%2F0.jpg?alt=media'),(149,2012445,'https://firebasestorage.googleapis.com/v0/b/capstone-bk.appspot.com/o/student%2F2012445%2Fregister%2Fphotos%2F0.jpg?alt=media'),(150,2012458,'https://firebasestorage.googleapis.com/v0/b/capstone-bk.appspot.com/o/student%2F2012458%2Fregister%2Fphotos%2F0.jpg?alt=media'),(151,2012504,'https://firebasestorage.googleapis.com/v0/b/capstone-bk.appspot.com/o/student%2F2012504%2Fregister%2Fphotos%2F0.jpg?alt=media'),(152,2012506,'https://firebasestorage.googleapis.com/v0/b/capstone-bk.appspot.com/o/student%2F2012506%2Fregister%2Fphotos%2F0.jpg?alt=media'),(153,2012516,'https://firebasestorage.googleapis.com/v0/b/capstone-bk.appspot.com/o/student%2F2012516%2Fregister%2Fphotos%2F0.jpg?alt=media'),(154,2012522,'https://firebasestorage.googleapis.com/v0/b/capstone-bk.appspot.com/o/student%2F2012522%2Fregister%2Fphotos%2F0.jpg?alt=media'),(155,2012527,'https://firebasestorage.googleapis.com/v0/b/capstone-bk.appspot.com/o/student%2F2012527%2Fregister%2Fphotos%2F0.jpg?alt=media'),(156,2012528,'https://firebasestorage.googleapis.com/v0/b/capstone-bk.appspot.com/o/student%2F2012528%2Fregister%2Fphotos%2F0.jpg?alt=media'),(157,2012538,'https://firebasestorage.googleapis.com/v0/b/capstone-bk.appspot.com/o/student%2F2012538%2Fregister%2Fphotos%2F0.jpg?alt=media'),(158,2012545,'https://firebasestorage.googleapis.com/v0/b/capstone-bk.appspot.com/o/student%2F2012545%2Fregister%2Fphotos%2F0.jpg?alt=media'),(159,2012595,'https://firebasestorage.googleapis.com/v0/b/capstone-bk.appspot.com/o/student%2F2012595%2Fregister%2Fphotos%2F0.jpg?alt=media'),(160,2012608,'https://firebasestorage.googleapis.com/v0/b/capstone-bk.appspot.com/o/student%2F2012608%2Fregister%2Fphotos%2F0.jpg?alt=media'),(161,2012653,'https://firebasestorage.googleapis.com/v0/b/capstone-bk.appspot.com/o/student%2F2012653%2Fregister%2Fphotos%2F0.jpg?alt=media'),(162,2012670,'https://firebasestorage.googleapis.com/v0/b/capstone-bk.appspot.com/o/student%2F2012670%2Fregister%2Fphotos%2F0.jpg?alt=media'),(163,2012682,'https://firebasestorage.googleapis.com/v0/b/capstone-bk.appspot.com/o/student%2F2012682%2Fregister%2Fphotos%2F0.jpg?alt=media'),(164,2012684,'https://firebasestorage.googleapis.com/v0/b/capstone-bk.appspot.com/o/student%2F2012684%2Fregister%2Fphotos%2F0.jpg?alt=media'),(165,2012734,'https://firebasestorage.googleapis.com/v0/b/capstone-bk.appspot.com/o/student%2F2012734%2Fregister%2Fphotos%2F0.jpg?alt=media'),(166,2012738,'https://firebasestorage.googleapis.com/v0/b/capstone-bk.appspot.com/o/student%2F2012738%2Fregister%2Fphotos%2F0.jpg?alt=media'),(167,2012752,'https://firebasestorage.googleapis.com/v0/b/capstone-bk.appspot.com/o/student%2F2012752%2Fregister%2Fphotos%2F0.jpg?alt=media'),(168,2012754,'https://firebasestorage.googleapis.com/v0/b/capstone-bk.appspot.com/o/student%2F2012754%2Fregister%2Fphotos%2F0.jpg?alt=media'),(169,2012789,'https://firebasestorage.googleapis.com/v0/b/capstone-bk.appspot.com/o/student%2F2012789%2Fregister%2Fphotos%2F0.jpg?alt=media'),(170,2012840,'https://firebasestorage.googleapis.com/v0/b/capstone-bk.appspot.com/o/student%2F2012840%2Fregister%2Fphotos%2F0.jpg?alt=media'),(171,2012850,'https://firebasestorage.googleapis.com/v0/b/capstone-bk.appspot.com/o/student%2F2012850%2Fregister%2Fphotos%2F0.jpg?alt=media'),(172,2012863,'https://firebasestorage.googleapis.com/v0/b/capstone-bk.appspot.com/o/student%2F2012863%2Fregister%2Fphotos%2F0.jpg?alt=media'),(173,2012920,'https://firebasestorage.googleapis.com/v0/b/capstone-bk.appspot.com/o/student%2F2012920%2Fregister%2Fphotos%2F0.jpg?alt=media'),(174,2012927,'https://firebasestorage.googleapis.com/v0/b/capstone-bk.appspot.com/o/student%2F2012927%2Fregister%2Fphotos%2F0.jpg?alt=media'),(175,2012945,'https://firebasestorage.googleapis.com/v0/b/capstone-bk.appspot.com/o/student%2F2012945%2Fregister%2Fphotos%2F0.jpg?alt=media'),(176,2012957,'https://firebasestorage.googleapis.com/v0/b/capstone-bk.appspot.com/o/student%2F2012957%2Fregister%2Fphotos%2F0.jpg?alt=media'),(177,2012989,'https://firebasestorage.googleapis.com/v0/b/capstone-bk.appspot.com/o/student%2F2012989%2Fregister%2Fphotos%2F0.jpg?alt=media'),(178,2013071,'https://firebasestorage.googleapis.com/v0/b/capstone-bk.appspot.com/o/student%2F2013071%2Fregister%2Fphotos%2F0.jpg?alt=media'),(179,2013091,'https://firebasestorage.googleapis.com/v0/b/capstone-bk.appspot.com/o/student%2F2013091%2Fregister%2Fphotos%2F0.jpg?alt=media'),(180,2013149,'https://firebasestorage.googleapis.com/v0/b/capstone-bk.appspot.com/o/student%2F2013149%2Fregister%2Fphotos%2F0.jpg?alt=media'),(181,2013247,'https://firebasestorage.googleapis.com/v0/b/capstone-bk.appspot.com/o/student%2F2013247%2Fregister%2Fphotos%2F0.jpg?alt=media'),(182,2013329,'https://firebasestorage.googleapis.com/v0/b/capstone-bk.appspot.com/o/student%2F2013329%2Fregister%2Fphotos%2F0.jpg?alt=media'),(183,2013332,'https://firebasestorage.googleapis.com/v0/b/capstone-bk.appspot.com/o/student%2F2013332%2Fregister%2Fphotos%2F0.jpg?alt=media'),(184,2013344,'https://firebasestorage.googleapis.com/v0/b/capstone-bk.appspot.com/o/student%2F2013344%2Fregister%2Fphotos%2F0.jpg?alt=media'),(185,2013375,'https://firebasestorage.googleapis.com/v0/b/capstone-bk.appspot.com/o/student%2F2013375%2Fregister%2Fphotos%2F0.jpg?alt=media'),(186,2013381,'https://firebasestorage.googleapis.com/v0/b/capstone-bk.appspot.com/o/student%2F2013381%2Fregister%2Fphotos%2F0.jpg?alt=media'),(187,2013383,'https://firebasestorage.googleapis.com/v0/b/capstone-bk.appspot.com/o/student%2F2013383%2Fregister%2Fphotos%2F0.jpg?alt=media'),(188,2013389,'https://firebasestorage.googleapis.com/v0/b/capstone-bk.appspot.com/o/student%2F2013389%2Fregister%2Fphotos%2F0.jpg?alt=media'),(189,2013392,'https://firebasestorage.googleapis.com/v0/b/capstone-bk.appspot.com/o/student%2F2013392%2Fregister%2Fphotos%2F0.jpg?alt=media'),(190,2013425,'https://firebasestorage.googleapis.com/v0/b/capstone-bk.appspot.com/o/student%2F2013425%2Fregister%2Fphotos%2F0.jpg?alt=media'),(191,2013452,'https://firebasestorage.googleapis.com/v0/b/capstone-bk.appspot.com/o/student%2F2013452%2Fregister%2Fphotos%2F0.jpg?alt=media'),(192,2013489,'https://firebasestorage.googleapis.com/v0/b/capstone-bk.appspot.com/o/student%2F2013489%2Fregister%2Fphotos%2F0.jpg?alt=media'),(193,2013515,'https://firebasestorage.googleapis.com/v0/b/capstone-bk.appspot.com/o/student%2F2013515%2Fregister%2Fphotos%2F0.jpg?alt=media'),(194,2013544,'https://firebasestorage.googleapis.com/v0/b/capstone-bk.appspot.com/o/student%2F2013544%2Fregister%2Fphotos%2F0.jpg?alt=media'),(195,2013552,'https://firebasestorage.googleapis.com/v0/b/capstone-bk.appspot.com/o/student%2F2013552%2Fregister%2Fphotos%2F0.jpg?alt=media'),(196,2013565,'https://firebasestorage.googleapis.com/v0/b/capstone-bk.appspot.com/o/student%2F2013565%2Fregister%2Fphotos%2F0.jpg?alt=media'),(197,2013635,'https://firebasestorage.googleapis.com/v0/b/capstone-bk.appspot.com/o/student%2F2013635%2Fregister%2Fphotos%2F0.jpg?alt=media'),(198,2013653,'https://firebasestorage.googleapis.com/v0/b/capstone-bk.appspot.com/o/student%2F2013653%2Fregister%2Fphotos%2F0.jpg?alt=media'),(199,2013673,'https://firebasestorage.googleapis.com/v0/b/capstone-bk.appspot.com/o/student%2F2013673%2Fregister%2Fphotos%2F0.jpg?alt=media'),(200,2013678,'https://firebasestorage.googleapis.com/v0/b/capstone-bk.appspot.com/o/student%2F2013678%2Fregister%2Fphotos%2F0.jpg?alt=media'),(201,2013684,'https://firebasestorage.googleapis.com/v0/b/capstone-bk.appspot.com/o/student%2F2013684%2Fregister%2Fphotos%2F0.jpg?alt=media'),(202,2013695,'https://firebasestorage.googleapis.com/v0/b/capstone-bk.appspot.com/o/student%2F2013695%2Fregister%2Fphotos%2F0.jpg?alt=media'),(203,2013703,'https://firebasestorage.googleapis.com/v0/b/capstone-bk.appspot.com/o/student%2F2013703%2Fregister%2Fphotos%2F0.jpg?alt=media'),(204,2013705,'https://firebasestorage.googleapis.com/v0/b/capstone-bk.appspot.com/o/student%2F2013705%2Fregister%2Fphotos%2F0.jpg?alt=media'),(205,2013722,'https://firebasestorage.googleapis.com/v0/b/capstone-bk.appspot.com/o/student%2F2013722%2Fregister%2Fphotos%2F0.jpg?alt=media'),(206,2013728,'https://firebasestorage.googleapis.com/v0/b/capstone-bk.appspot.com/o/student%2F2013728%2Fregister%2Fphotos%2F0.jpg?alt=media'),(207,2013736,'https://firebasestorage.googleapis.com/v0/b/capstone-bk.appspot.com/o/student%2F2013736%2Fregister%2Fphotos%2F0.jpg?alt=media'),(208,2013748,'https://firebasestorage.googleapis.com/v0/b/capstone-bk.appspot.com/o/student%2F2013748%2Fregister%2Fphotos%2F0.jpg?alt=media'),(209,2013761,'https://firebasestorage.googleapis.com/v0/b/capstone-bk.appspot.com/o/student%2F2013761%2Fregister%2Fphotos%2F0.jpg?alt=media'),(210,2013787,'https://firebasestorage.googleapis.com/v0/b/capstone-bk.appspot.com/o/student%2F2013787%2Fregister%2Fphotos%2F0.jpg?alt=media'),(211,2013796,'https://firebasestorage.googleapis.com/v0/b/capstone-bk.appspot.com/o/student%2F2013796%2Fregister%2Fphotos%2F0.jpg?alt=media'),(212,2013805,'https://firebasestorage.googleapis.com/v0/b/capstone-bk.appspot.com/o/student%2F2013805%2Fregister%2Fphotos%2F0.jpg?alt=media'),(213,2013811,'https://firebasestorage.googleapis.com/v0/b/capstone-bk.appspot.com/o/student%2F2013811%2Fregister%2Fphotos%2F0.jpg?alt=media'),(214,2013827,'https://firebasestorage.googleapis.com/v0/b/capstone-bk.appspot.com/o/student%2F2013827%2Fregister%2Fphotos%2F0.jpg?alt=media'),(215,2013857,'https://firebasestorage.googleapis.com/v0/b/capstone-bk.appspot.com/o/student%2F2013857%2Fregister%2Fphotos%2F0.jpg?alt=media'),(216,2013873,'https://firebasestorage.googleapis.com/v0/b/capstone-bk.appspot.com/o/student%2F2013873%2Fregister%2Fphotos%2F0.jpg?alt=media'),(217,2013909,'https://firebasestorage.googleapis.com/v0/b/capstone-bk.appspot.com/o/student%2F2013909%2Fregister%2Fphotos%2F0.jpg?alt=media'),(218,2013914,'https://firebasestorage.googleapis.com/v0/b/capstone-bk.appspot.com/o/student%2F2013914%2Fregister%2Fphotos%2F0.jpg?alt=media'),(219,2013917,'https://firebasestorage.googleapis.com/v0/b/capstone-bk.appspot.com/o/student%2F2013917%2Fregister%2Fphotos%2F0.jpg?alt=media'),(220,2013923,'https://firebasestorage.googleapis.com/v0/b/capstone-bk.appspot.com/o/student%2F2013923%2Fregister%2Fphotos%2F0.jpg?alt=media'),(221,2014009,'https://firebasestorage.googleapis.com/v0/b/capstone-bk.appspot.com/o/student%2F2014009%2Fregister%2Fphotos%2F0.jpg?alt=media'),(222,2014114,'https://firebasestorage.googleapis.com/v0/b/capstone-bk.appspot.com/o/student%2F2014114%2Fregister%2Fphotos%2F0.jpg?alt=media'),(223,2014121,'https://firebasestorage.googleapis.com/v0/b/capstone-bk.appspot.com/o/student%2F2014121%2Fregister%2Fphotos%2F0.jpg?alt=media'),(224,2014130,'https://firebasestorage.googleapis.com/v0/b/capstone-bk.appspot.com/o/student%2F2014130%2Fregister%2Fphotos%2F0.jpg?alt=media'),(225,2014140,'https://firebasestorage.googleapis.com/v0/b/capstone-bk.appspot.com/o/student%2F2014140%2Fregister%2Fphotos%2F0.jpg?alt=media'),(226,2014156,'https://firebasestorage.googleapis.com/v0/b/capstone-bk.appspot.com/o/student%2F2014156%2Fregister%2Fphotos%2F0.jpg?alt=media'),(227,2014159,'https://firebasestorage.googleapis.com/v0/b/capstone-bk.appspot.com/o/student%2F2014159%2Fregister%2Fphotos%2F0.jpg?alt=media'),(228,2014199,'https://firebasestorage.googleapis.com/v0/b/capstone-bk.appspot.com/o/student%2F2014199%2Fregister%2Fphotos%2F0.jpg?alt=media'),(229,2014230,'https://firebasestorage.googleapis.com/v0/b/capstone-bk.appspot.com/o/student%2F2014230%2Fregister%2Fphotos%2F0.jpg?alt=media'),(230,2014236,'https://firebasestorage.googleapis.com/v0/b/capstone-bk.appspot.com/o/student%2F2014236%2Fregister%2Fphotos%2F0.jpg?alt=media'),(231,2014251,'https://firebasestorage.googleapis.com/v0/b/capstone-bk.appspot.com/o/student%2F2014251%2Fregister%2Fphotos%2F0.jpg?alt=media'),(232,2014289,'https://firebasestorage.googleapis.com/v0/b/capstone-bk.appspot.com/o/student%2F2014289%2Fregister%2Fphotos%2F0.jpg?alt=media'),(233,2014291,'https://firebasestorage.googleapis.com/v0/b/capstone-bk.appspot.com/o/student%2F2014291%2Fregister%2Fphotos%2F0.jpg?alt=media'),(234,2014294,'https://firebasestorage.googleapis.com/v0/b/capstone-bk.appspot.com/o/student%2F2014294%2Fregister%2Fphotos%2F0.jpg?alt=media'),(235,2014295,'https://firebasestorage.googleapis.com/v0/b/capstone-bk.appspot.com/o/student%2F2014295%2Fregister%2Fphotos%2F0.jpg?alt=media'),(236,2014344,'https://firebasestorage.googleapis.com/v0/b/capstone-bk.appspot.com/o/student%2F2014344%2Fregister%2Fphotos%2F0.jpg?alt=media'),(237,2014364,'https://firebasestorage.googleapis.com/v0/b/capstone-bk.appspot.com/o/student%2F2014364%2Fregister%2Fphotos%2F0.jpg?alt=media'),(238,2014420,'https://firebasestorage.googleapis.com/v0/b/capstone-bk.appspot.com/o/student%2F2014420%2Fregister%2Fphotos%2F0.jpg?alt=media'),(239,2014485,'https://firebasestorage.googleapis.com/v0/b/capstone-bk.appspot.com/o/student%2F2014485%2Fregister%2Fphotos%2F0.jpg?alt=media'),(240,2014486,'https://firebasestorage.googleapis.com/v0/b/capstone-bk.appspot.com/o/student%2F2014486%2Fregister%2Fphotos%2F0.jpg?alt=media'),(241,2014487,'https://firebasestorage.googleapis.com/v0/b/capstone-bk.appspot.com/o/student%2F2014487%2Fregister%2Fphotos%2F0.jpg?alt=media'),(242,2014512,'https://firebasestorage.googleapis.com/v0/b/capstone-bk.appspot.com/o/student%2F2014512%2Fregister%2Fphotos%2F0.jpg?alt=media'),(243,2014545,'https://firebasestorage.googleapis.com/v0/b/capstone-bk.appspot.com/o/student%2F2014545%2Fregister%2Fphotos%2F0.jpg?alt=media'),(244,2014548,'https://firebasestorage.googleapis.com/v0/b/capstone-bk.appspot.com/o/student%2F2014548%2Fregister%2Fphotos%2F0.jpg?alt=media'),(245,2014563,'https://firebasestorage.googleapis.com/v0/b/capstone-bk.appspot.com/o/student%2F2014563%2Fregister%2Fphotos%2F0.jpg?alt=media'),(246,2014567,'https://firebasestorage.googleapis.com/v0/b/capstone-bk.appspot.com/o/student%2F2014567%2Fregister%2Fphotos%2F0.jpg?alt=media'),(247,2014583,'https://firebasestorage.googleapis.com/v0/b/capstone-bk.appspot.com/o/student%2F2014583%2Fregister%2Fphotos%2F0.jpg?alt=media'),(248,2014591,'https://firebasestorage.googleapis.com/v0/b/capstone-bk.appspot.com/o/student%2F2014591%2Fregister%2Fphotos%2F0.jpg?alt=media'),(249,2014603,'https://firebasestorage.googleapis.com/v0/b/capstone-bk.appspot.com/o/student%2F2014603%2Fregister%2Fphotos%2F0.jpg?alt=media'),(250,2014659,'https://firebasestorage.googleapis.com/v0/b/capstone-bk.appspot.com/o/student%2F2014659%2Fregister%2Fphotos%2F0.jpg?alt=media'),(251,2014725,'https://firebasestorage.googleapis.com/v0/b/capstone-bk.appspot.com/o/student%2F2014725%2Fregister%2Fphotos%2F0.jpg?alt=media'),(252,2014731,'https://firebasestorage.googleapis.com/v0/b/capstone-bk.appspot.com/o/student%2F2014731%2Fregister%2Fphotos%2F0.jpg?alt=media'),(253,2014771,'https://firebasestorage.googleapis.com/v0/b/capstone-bk.appspot.com/o/student%2F2014771%2Fregister%2Fphotos%2F0.jpg?alt=media'),(254,2014773,'https://firebasestorage.googleapis.com/v0/b/capstone-bk.appspot.com/o/student%2F2014773%2Fregister%2Fphotos%2F0.jpg?alt=media'),(255,2014775,'https://firebasestorage.googleapis.com/v0/b/capstone-bk.appspot.com/o/student%2F2014775%2Fregister%2Fphotos%2F0.jpg?alt=media'),(256,2014805,'https://firebasestorage.googleapis.com/v0/b/capstone-bk.appspot.com/o/student%2F2014805%2Fregister%2Fphotos%2F0.jpg?alt=media'),(257,2014815,'https://firebasestorage.googleapis.com/v0/b/capstone-bk.appspot.com/o/student%2F2014815%2Fregister%2Fphotos%2F0.jpg?alt=media'),(258,2014882,'https://firebasestorage.googleapis.com/v0/b/capstone-bk.appspot.com/o/student%2F2014882%2Fregister%2Fphotos%2F0.jpg?alt=media'),(259,2014921,'https://firebasestorage.googleapis.com/v0/b/capstone-bk.appspot.com/o/student%2F2014921%2Fregister%2Fphotos%2F0.jpg?alt=media'),(260,2014931,'https://firebasestorage.googleapis.com/v0/b/capstone-bk.appspot.com/o/student%2F2014931%2Fregister%2Fphotos%2F0.jpg?alt=media'),(261,2014946,'https://firebasestorage.googleapis.com/v0/b/capstone-bk.appspot.com/o/student%2F2014946%2Fregister%2Fphotos%2F0.jpg?alt=media'),(262,2014949,'https://firebasestorage.googleapis.com/v0/b/capstone-bk.appspot.com/o/student%2F2014949%2Fregister%2Fphotos%2F0.jpg?alt=media'),(263,2014982,'https://firebasestorage.googleapis.com/v0/b/capstone-bk.appspot.com/o/student%2F2014982%2Fregister%2Fphotos%2F0.jpg?alt=media'),(264,2015007,'https://firebasestorage.googleapis.com/v0/b/capstone-bk.appspot.com/o/student%2F2015007%2Fregister%2Fphotos%2F0.jpg?alt=media'),(265,2015025,'https://firebasestorage.googleapis.com/v0/b/capstone-bk.appspot.com/o/student%2F2015025%2Fregister%2Fphotos%2F0.jpg?alt=media'),(266,2015080,'https://firebasestorage.googleapis.com/v0/b/capstone-bk.appspot.com/o/student%2F2015080%2Fregister%2Fphotos%2F0.jpg?alt=media'),(267,2015107,'https://firebasestorage.googleapis.com/v0/b/capstone-bk.appspot.com/o/student%2F2015107%2Fregister%2Fphotos%2F0.jpg?alt=media'),(268,2015108,'https://firebasestorage.googleapis.com/v0/b/capstone-bk.appspot.com/o/student%2F2015108%2Fregister%2Fphotos%2F0.jpg?alt=media'),(269,2015112,'https://firebasestorage.googleapis.com/v0/b/capstone-bk.appspot.com/o/student%2F2015112%2Fregister%2Fphotos%2F0.jpg?alt=media'),(270,2015118,'https://firebasestorage.googleapis.com/v0/b/capstone-bk.appspot.com/o/student%2F2015118%2Fregister%2Fphotos%2F0.jpg?alt=media'),(271,2015148,'https://firebasestorage.googleapis.com/v0/b/capstone-bk.appspot.com/o/student%2F2015148%2Fregister%2Fphotos%2F0.jpg?alt=media'),(272,2015942,'https://firebasestorage.googleapis.com/v0/b/capstone-bk.appspot.com/o/student%2F2015942%2Fregister%2Fphotos%2F0.jpg?alt=media');
/*!40000 ALTER TABLE `register` ENABLE KEYS */;
UNLOCK TABLES;

--
-- Table structure for table `role`
--

DROP TABLE IF EXISTS `role`;
/*!40101 SET @saved_cs_client     = @@character_set_client */;
/*!50503 SET character_set_client = utf8mb4 */;
CREATE TABLE `role` (
  `id` int NOT NULL AUTO_INCREMENT,
  `name` varchar(20) NOT NULL,
  PRIMARY KEY (`id`)
) ENGINE=InnoDB AUTO_INCREMENT=4 DEFAULT CHARSET=utf8mb4 COLLATE=utf8mb4_0900_ai_ci;
/*!40101 SET character_set_client = @saved_cs_client */;

--
-- Dumping data for table `role`
--

LOCK TABLES `role` WRITE;
/*!40000 ALTER TABLE `role` DISABLE KEYS */;
INSERT INTO `role` VALUES (1,'STUDENT'),(2,'TEACHER'),(3,'ADMIN');
/*!40000 ALTER TABLE `role` ENABLE KEYS */;
UNLOCK TABLES;

--
-- Table structure for table `schedule`
--

DROP TABLE IF EXISTS `schedule`;
/*!40101 SET @saved_cs_client     = @@character_set_client */;
/*!50503 SET character_set_client = utf8mb4 */;
CREATE TABLE `schedule` (
  `id` int NOT NULL AUTO_INCREMENT,
  `teacher_id` int DEFAULT NULL,
  `device_id` int DEFAULT NULL,
  `subject_id` varchar(15) NOT NULL,
  `group_code` varchar(10) NOT NULL,
  `semester` int NOT NULL,
  `start_time` timestamp NOT NULL,
  `end_time` timestamp NOT NULL,
  PRIMARY KEY (`id`),
  KEY `teacher_id` (`teacher_id`),
  KEY `subject_id` (`subject_id`,`group_code`,`semester`),
  KEY `device_id` (`device_id`),
  CONSTRAINT `schedule_ibfk_1` FOREIGN KEY (`teacher_id`) REFERENCES `user` (`id`),
  CONSTRAINT `schedule_ibfk_2` FOREIGN KEY (`subject_id`, `group_code`, `semester`) REFERENCES `subject` (`id`, `group_code`, `semester`),
  CONSTRAINT `schedule_ibfk_3` FOREIGN KEY (`device_id`) REFERENCES `device` (`id`)
) ENGINE=InnoDB AUTO_INCREMENT=163 DEFAULT CHARSET=utf8mb4 COLLATE=utf8mb4_0900_ai_ci;
/*!40101 SET character_set_client = @saved_cs_client */;

--
-- Dumping data for table `schedule`
--

LOCK TABLES `schedule` WRITE;
/*!40000 ALTER TABLE `schedule` DISABLE KEYS */;
INSERT INTO `schedule` VALUES (147,2,1,'CO0000','CC01',201,'2021-04-18 13:01:09','2021-04-18 13:05:00'),(148,2,1,'CO0000','CC01',201,'2021-04-18 13:07:28','2021-04-18 13:10:00'),(149,2,1,'CO0000','CC01',201,'2021-04-18 13:10:33','2021-04-18 13:13:00'),(150,2,1,'CO0000','CC01',201,'2021-04-18 13:15:14','2021-04-18 13:17:00'),(151,2,1,'CO0000','CC01',201,'2021-04-18 13:15:36','2021-04-18 13:17:00'),(152,2,1,'CO0000','CC01',201,'2021-04-18 13:20:07','2021-04-18 13:22:00'),(153,2,1,'CO0000','CC01',201,'2021-04-18 13:20:57','2021-04-18 13:25:00'),(154,2,1,'CO0000','CC01',201,'2021-04-18 13:27:57','2021-04-18 13:30:00'),(155,2,1,'CO0000','CC01',201,'2021-04-18 13:35:00','2021-04-18 13:37:00'),(156,2,1,'CO0000','CC01',201,'2021-04-18 13:32:00','2021-04-18 13:34:00'),(157,2,1,'CO0000','CC01',201,'2021-04-18 13:55:45','2021-04-18 13:57:00'),(158,2,1,'CO0000','CC01',201,'2021-04-18 13:43:41','2021-04-18 13:45:00'),(159,2,1,'CO0000','CC01',201,'2021-04-18 13:43:41','2021-04-18 13:45:00'),(160,2,1,'CO0000','CC01',201,'2021-04-18 13:43:41','2021-04-18 13:45:00'),(161,2,1,'CO0000','CC01',201,'2021-04-18 13:47:51','2021-04-18 13:49:00'),(162,2,1,'CO0000','CC01',201,'2021-04-18 14:57:00','2021-04-18 15:55:00');
/*!40000 ALTER TABLE `schedule` ENABLE KEYS */;
UNLOCK TABLES;

--
-- Table structure for table `subject`
--

DROP TABLE IF EXISTS `subject`;
/*!40101 SET @saved_cs_client     = @@character_set_client */;
/*!50503 SET character_set_client = utf8mb4 */;
CREATE TABLE `subject` (
  `id` varchar(15) NOT NULL,
  `group_code` varchar(10) NOT NULL,
  `semester` int NOT NULL,
  `name` varchar(255) NOT NULL,
  PRIMARY KEY (`id`,`group_code`,`semester`)
) ENGINE=InnoDB DEFAULT CHARSET=utf8mb4 COLLATE=utf8mb4_0900_ai_ci;
/*!40101 SET character_set_client = @saved_cs_client */;

--
-- Dumping data for table `subject`
--

LOCK TABLES `subject` WRITE;
/*!40000 ALTER TABLE `subject` DISABLE KEYS */;
INSERT INTO `subject` VALUES ('CO0000','CC01',201,'Test Subject1'),('CO0001','CC01',201,'Test Subject'),('CO3021','CC01',201,'H qun tr c s d liu'),('CO3065','CC01',201,'Cng ngh phn mm nng cao'),('CO3066','CC01',201,'Cng ngh phn mm nng cao'),('CO3067','CC01',201,'Tnh ton song song'),('CO3068','CC01',201,'Tnh ton song song'),('CO4027','CC01',201,'Hc my'),('id_test','group_test',0,'test_subject'),('SP1009','CC03',201,'ng li cch mng ca ng Cng sn Vit Nam');
/*!40000 ALTER TABLE `subject` ENABLE KEYS */;
UNLOCK TABLES;

--
-- Table structure for table `user`
--

DROP TABLE IF EXISTS `user`;
/*!40101 SET @saved_cs_client     = @@character_set_client */;
/*!50503 SET character_set_client = utf8mb4 */;
CREATE TABLE `user` (
  `id` int NOT NULL,
  `password` varchar(100) DEFAULT NULL,
  PRIMARY KEY (`id`)
) ENGINE=InnoDB DEFAULT CHARSET=utf8mb4 COLLATE=utf8mb4_0900_ai_ci;
/*!40101 SET character_set_client = @saved_cs_client */;

--
-- Dumping data for table `user`
--

LOCK TABLES `user` WRITE;
/*!40000 ALTER TABLE `user` DISABLE KEYS */;
INSERT INTO `user` VALUES (0,'$2a$10$Wr0zXQsuv0He7phdsy/.fumh9DU2p7C9mxZFYJvMwNkh/nUZaFK7a'),(1,'$2a$10$7PcYgfOoDVIBp6XH7EjfKumEUbKvjwrHhPc46H4OejG4bmzkFp7Lm'),(2,'$2a$10$3uD1Tq8igj9tAcCwx20B4e8QUuejz8PpoDG8.cFKTs0ZsQKCqqrnG'),(201,'$2a$10$ndIjONpLbSgLFni5jF3v.uEJdZXHVTGwg1GZKYPeqMfxx42EMN44K'),(1710779,'$2a$10$YbG8fyTB4NJIQHBQJmFLn.ofD1wBv27UV6yZZfgP0Cld9avJNWqAW'),(1711265,'$2a$10$uy4EaMMUgaVaKFRruuw.8O.EZmTsI4JKl9GfZng8SPIzj5O/aAt6u'),(1711947,'$2a$10$QhiTdWkJuleDLZzmCD.rxeZqlIQNtuFztcmxFTA9z5q.Bk.iqfoJ.'),(1712393,'$2a$10$CUcQHJfq2EWs1Hmy9A3qoOemhoZxz.qLMNIkrldB.FV2IzPQD2yqC'),(1713505,'$2a$10$aXdMYmU8SDan2D9jN16hSer96WJC0DijS3qr.7pNQ4ftIUCS7mnci'),(1752015,'$2a$10$nTq1Sq6TguUePQ0FvFwKcu65mQTq8Mh3iHqXinyr.O0D6jhqNpcLC'),(1752041,'$2a$10$LuI3ALvEpxsYLZJwa1JAmepa3tV3DfWBqgNvdn2DLP/LCt7S9gcD2'),(1752258,'$2a$10$bHyWUB6F8u.7YesjHKgdaO4g6QS3p9/vqgvsVctHb06id5/gYnSci'),(1752259,'$2a$10$sNyk38jCE4tzj3cDAN/ZQuexyKXuS76PkC/FOKCzZvfz4obrVcAvW'),(1755555,'$2a$10$nCvTh0HIuEKtY/.66BjmdOlonTtMxqCRNLeZYTfNIRI3mSdl005Oe'),(1810014,'$2a$10$3cXAuv8xI6thj/Q9bPz2veUNV0laRT97IBoQpzfmzhjRCrfUaVeJ6'),(1811669,'$2a$10$nW5UGqI5qx5rVJhln3ZCb.nM9KxWJ.ZOceJ..1SMm1FI07qg9fiwC'),(1812778,'$2a$10$3GOl5Zpqa6S8dipqUSx8ReHJiTVKXB.I2zFc5mFRtPOAasuXaUYrS'),(1813159,'$2a$10$O2qMpfxX.36oBmK49lEXJ.3JTzuDMOOVsckJJOcTyYFiyS.aTLMNa'),(1814446,'$2a$10$NAFGqThveJZEvg89m4xp5OoqmpN.AXjoD2ZEhfjp5AXQp.OZfql3y'),(1814454,'$2a$10$rQ3oO.YS40ngv/kp0SRjQu7phslfreihaUVR3Awn7n.96/cuRZ/2y'),(1870015,'$2a$10$dhNS69H66fvlPR2fDYAYXuxx77pewD.ROOEL208SUjwbvWymtgZE2'),(1910643,'$2a$10$zM3ZnkBIPXopkKONY9P.FePauvhkEJSOR.HZriY1TU03d1OSgaxSG'),(1911437,'$2a$10$zWBXIDrJz8mL2OOCauskHui1vGTq1FMgzqnZq0jwKT9R8pzxt96zW'),(1911704,'$2a$10$.MZs9WZbYAd6x39Wni1tw.ElGzeC49iGviMTTw8MrEq..uaD78IdK'),(1912980,'$2a$10$il4U3e7ajWDB.vLos.cRtOB6shOEoaqAbEnvm71rxGjZO6hPAruTO'),(1913424,'$2a$10$.2HWnzb1q47qJodFw2uS2e547OAF6UV31V/ETc.6klFqt2/WamlZq'),(1913678,'$2a$10$rAuvfPdREncBxjaPtzjq6ercPBywNURKKC061/7G0ZTXyqzGJgyZC'),(1913832,'$2a$10$T7ahW8s7tqqbxCacLSEcCelBpuOtb4TLpwj5svyzOwmsAi8KXP6LS'),(1916081,'$2a$10$Epf0Vi3Da5T8xeU8BQ3wGuGi0pD1tP2ucEodq9sUByqwvmalvsH5a'),(1952740,'$2a$10$UOZXcFbu8CH6uAc92lluUuQtmt79Hwd1wI7ZZsnPzspyCeb53/Dt2'),(2010044,'$2a$10$AVylj.b.5eZAEJNk8Dx8JeuhF9t.au9dW5anKSxq3NUo12OaFtsOK'),(2010102,'$2a$10$6YxE0LQcXcbGUHdIIE9whuHX5JGqlWaOzMiiU6EJJQ7G7WJwdTBGe'),(2010113,'$2a$10$Vc5Svzr4F6ao9bHLO6sDWOZFN6zKheLa6wKtkJVlkgzdYYcLqnLRS'),(2010133,'$2a$10$Dk5A37DFqYiQkmYhy5TaM.xPMgZfkXFOKqCTyLgLGAY4ZR394a9ru'),(2010170,'$2a$10$g/xGoc9EsUPL.UhtSaR80u3FbBeHi7LYPs/OAjSjIcwSgczUMfx62'),(2010173,'$2a$10$fZPV4HfcEZd2uKwdbvo4geigTuRt6Zl1rpWoyNQrOVEKZ7oGrocfW'),(2010206,'$2a$10$TbhQuZMFre20KXUzBX1ekeCsifcIkL0kgfrO2AATjTODyON1uEOfa'),(2010226,'$2a$10$hEFBhkYQAbqPmdz16qr/yu44QqWjFXP3W0pcMQvywAWtieGlVpWXm'),(2010230,'$2a$10$g6QQ7eIMlF7KSDXn0E9u3.Hy9j40dadbNvnXFSe5qsokTbf7FQ29i'),(2010236,'$2a$10$GkzqycKxg2SjqcKqspkPuOkdOUpiOck3H.HJO.l7BZ3G.j2neq72m'),(2010276,'$2a$10$DVOekbtkvJdyYjg9fwNy1OYhkoVtngC34P6FQvfb5mJam330OfRX2'),(2010285,'$2a$10$QfB8uVlmw/ESlkLqYQtzWOxkPYi2mbn2hX./GCMzy9La4L3JuVr.6'),(2010286,'$2a$10$ZVG3gWzoBMDksgeIIz./FOyFje9wveLwOUfGAdTZ1zhjaxytZdVE.'),(2010289,'$2a$10$AhKU1Juqr2zB3/achixXW.lyiCD0cUIAbVizZCl10QZXAsftIMv5C'),(2010301,'$2a$10$Dj8RV5jjcyz.ClLw1NhTYOvSUL7vTdjScsBP78VjfqL67o3MKpCom'),(2010330,'$2a$10$qy02J7gsFP4QOAfGo7Gpfuno6Ik7Z6NWb4SxwtZDZEc.MNkzia4nG'),(2010339,'$2a$10$s9egOrV54o5qjcDXsT25OOqRjz/hkDa5DM4Y1CfrUg/FecmFNaKvy'),(2010391,'$2a$10$pKop7vN5cD6UQLnkiO2qBevym.ccUmR9zJwu0WuCpr6vWbNXb.awO'),(2010396,'$2a$10$GFDCYOcM4jFL0o9BuyV1vejqbyawUYwitR7Bx99ew/MDfpz6IeAQW'),(2010405,'$2a$10$gXfPWNBryh78v.e.LJ6s3.bxwd6NBwNmH1uLO01i1acv6TvJ5D5DO'),(2010407,'$2a$10$nDlsakcCHCoICRyDa/Z5yOrjSbeQUcuvRG1GyzcdOpGc3yHZb0mNK'),(2010416,'$2a$10$CK6bi3z6oJzevaSl0g2fFeTG8/uNOReqXppm3lRVsQwAk7BZ/9eSO'),(2010418,'$2a$10$5VSfk3E4L5h2ALx6UlOa1Ol.DfW1gJrT0N643p151KxXjjYCwXXv6'),(2010421,'$2a$10$2nu6pvFoSTJp/YIUoPapWODL2IP6v8tXC70rEyeXtsEr9gs2iwRx.'),(2010445,'$2a$10$BRNOS5hA/GzqCT9kaC7uEuwjOLayuyLWqs7co0NKuwSsJdc1oFtWi'),(2010455,'$2a$10$QEMcjS3UNSe51NhE1ErZp.V046RwGE.3m8Rc4hzFcz2gI6Xh860eG'),(2010468,'$2a$10$hsXdkH4secUFeDz0/qaWIuo6E0tPgAKsqP2wgiYOInpNHNdZuEA5y'),(2010480,'$2a$10$17UjdlPBIX7kc2Z9p.cwGOANZ73kqaHSg.WvTe4iVoujOkY.YhN42'),(2010514,'$2a$10$3D4CwzIsOJChu1.V.qSK1ubfDrYYNrbzqh9QjAL8HMtqft2PYjQ0W'),(2010524,'$2a$10$a26MVrypsans7hV4QvNiY.WNtBGuelCte2VEcrlIcSrmzOgHRMLpW'),(2010651,'$2a$10$ncgtOqExfVU2RamE.FTC8ubDwOsHjazkNggT48Dtocf9n8ApWPV4u'),(2010655,'$2a$10$NCP7cedv8APSvsx9rjdwiOirOBTs9Ia9UofnvA0MM5FGbhUJUwnsu'),(2010663,'$2a$10$QTVbXDCeSa.AgLyj./XZQeLCB.rHEqQxtL4JClD8VopeDJKD5M8dO'),(2010714,'$2a$10$t/pMGmNNeDs5gYEyLnRbaed0a.H2BTZTsusoHVbUFLktyHg6SNYfO'),(2010733,'$2a$10$YBX6Q2NqAz69sJDjR4OiDeRP816awaFHOrGwntC9HtvyPletEoKxS'),(2010734,'$2a$10$cNtsHdqmmLl.gYl6X97ZA.rQ/G9m3Kt8XJjPZTsKYU4.qR73FPlWi'),(2010737,'$2a$10$6XaKbO7B50G6HJ8KgqUV2u9nawstecw73srMSwPKDSUuOaubrXVpm'),(2010747,'$2a$10$cC0tNu37eurJYJvzXRmWmOQLiaTdLo0qXHY7mEZCk7z2TsAHk0cpS'),(2010767,'$2a$10$seVnDDYNteMhNvlezZy5E.SW/OxRAcWfpnePozfnWXQtnt6mHDueq'),(2010785,'$2a$10$xvvHqvdI63FG4s/KviYoBOromvU42CAlYHjFGRSKRWS1Aesw4KGvy'),(2010829,'$2a$10$sOuPvxBR2e821HM8/S3Oa.Vf0TF5i0YkjxjGgl.6dz.9gcgAnyZj6'),(2010859,'$2a$10$yoJZh77b7hyLbKd7z6ggnuyNdc3GcVkxdHGI3zO22pcfUUGLQeQ8G'),(2010863,'$2a$10$VREnclDVbe4h0ojkzypAQOPwVuzeDSrI/m8ZIxYtlFayeFglgiQsu'),(2010926,'$2a$10$WXm/jk4.KzDP2d37mbKJz.irvJwlK.nq1GZK04uxC3vdUG7TUUcaC'),(2010928,'$2a$10$fY4xN0wTWorooMMJt4klEuzhWFM6WoUnt4564Qu1q1pRNHPenXad2'),(2010951,'$2a$10$9h1C6VnMDH1SW51rL9p1s.gaWkbGE0AlVUtvj/XhLnlIgMGEGdYBK'),(2010961,'$2a$10$SaHsFp3Hn287TNnj5xIamekd41DLL4FWISsqDBO5gwPf0HCfmvJQ6'),(2010968,'$2a$10$W7DHtvEr7/aYz2p/Zujyve4sdHvX.Yi9O.QH3veLvsHLSHDFgzcpS'),(2011060,'$2a$10$S3UIccxVvAVTw1jx/PsB9.hWT6/ruzqJgLQq2PbSvZaRnPqO3FF1S'),(2011064,'$2a$10$6bvCkPwkwRO3HDRTt7eYduN1mo.hqkrEX7qvy7cKZEPwqdpz9.3zu'),(2011087,'$2a$10$eaz9v4J9U/DxS1oWmnXqd.gxD2Wys6tD3L6enDVMJbviIWWMLOeYO'),(2011128,'$2a$10$UOL7EFJa14agaH.9l54F/eAwncWnwDIoUkPs0Y8UQ55STUML2sOBi'),(2011134,'$2a$10$VgFu3vO3iPq84I5IILRoHuxgxwCk6PQY7DgWp5AzkCdwKUJXJ.Xte'),(2011151,'$2a$10$ula1T5K0gRoIayVVdrSPBOKan4I3EDXvQqlE5CTqeMU3mcHAAT0ju'),(2011169,'$2a$10$WPPUR5HHNNgLV9eig4rMZe1hfdLthyIOmS.uctzTXbsA0ryecKlMK'),(2011203,'$2a$10$tm6RLOn1UOed0By954KQA.ZDQjiFI27iLynC8/asMMG.1uOMmHWFO'),(2011230,'$2a$10$ANnyfdGfUrs329p.98OYZejgNNbpKErXuBgiacR1OS8frjexG1O/G'),(2011266,'$2a$10$0Si4KMVmeL1SviJesL/igeAWLOWSSzmvDN0C1onzqMAULlM3mx4Va'),(2011268,'$2a$10$hh2L9VohzOZZ.i6sE5.ZxOt/JpEypdmjEaoO.d7kWgVBgKWf.5q2C'),(2011283,'$2a$10$uRMa10OI6ZMZ.6j8Zr9GGuA27hcXnHu0XajGrMPAkAwMpkutnzRpu'),(2011286,'$2a$10$3gvk7ePa5x6Il5uFgaRR4OjkkmVhbeQNSG4te4o3g7kJBnH3vft7K'),(2011291,'$2a$10$FYUVBHR1mIV6C0.3HptlnOxlwRsQ6KEKj.2wNLwKPMlDePXmUqXFe'),(2011292,'$2a$10$E0KhS8UBCpp5doobmnSzXelmYv6ll.sqrYIFNoZ9NVPpONhpqUtAi'),(2011297,'$2a$10$pqq0X639NVizGfVUGnPvBumW.3Dao3KQqRrMG1ywx50SSGYGYr2wO'),(2011312,'$2a$10$ahmEQsceXYmEA8.zUNAtPeNjf7cwRhRCrMVhyCPyAYZr6IR5PfFn.'),(2011313,'$2a$10$Gcu1X3napBGagdBlvFiJmuBAJ/h00nvB84RBroWRyyni9EpD7a6qa'),(2011315,'$2a$10$AdhU5cyYOeSvt5xkQ1Il6eAZXJwBHluqjBcw9dgvo/xTiFat0md9u'),(2011318,'$2a$10$vxHih9S7ry5Z6tqMYcbcE.GAUY09/HrJfwDjuoKhXvbdvSsvGzVC6'),(2011350,'$2a$10$PvI7F4gwG/yWHdlskO97CezU8aIddLYIK2Xv26TnYvmb4x.btjC6q'),(2011364,'$2a$10$RwdB3jtuvMIEcKPcauVR2OYccHcqS4aGZfTvJlWWFwCcSvnWYYAq6'),(2011365,'$2a$10$MzUaBnPvHZBrb26Q9YIgnuf1rdzOP3tLUgoR8LdbI.kzCNnhXXYYe'),(2011368,'$2a$10$ST3IO0kK4q.6tOeQtliSweuI8.J6z6aNITKzlKoGfaQ49u0JfO1Si'),(2011383,'$2a$10$1e24lYwtA87ODsPUmlvmOeQMb4zT8lnaSgktG9lppVuN/WBY8/zFW'),(2011401,'$2a$10$vXf2Wqa3xfjMaTb/cpFvkO0u9vpQeQ0Qzp.ocyfR9SgedFyr7aC/S'),(2011420,'$2a$10$3ow8gP6fJthfNUXuGbWZaeKIuEP3SQru84j7y2TtO03gp2CUZf7Pa'),(2011421,'$2a$10$s7jFe7XvScN6NBuTpFP4VOfw3wXmdu4sc61y6MKTn46WGVC9sc2jK'),(2011424,'$2a$10$moSXkUtRv1gRXKoMDZXl/eROO1y7XiJvZxs9caJRc2KWNajzPBm.6'),(2011507,'$2a$10$3qTWCbedFjHn2qn6gstFLeUgbnv6ELPKPmjFqO53SPTaPh0natRW2'),(2011526,'$2a$10$5V13jz.bikdTVnySbmpwi.wjVPEDE90yRtJirCwCbXapvTsd77pre'),(2011553,'$2a$10$0LBKaqiqnBbB6fn1OrspneG4L/V5oAvuHebj3wec40nWzxmcgisOi'),(2011572,'$2a$10$J4osCyNV4u2VfRjoUGxEUeVfRCSEHIcq2YWSxXDWDl3OGEl9Jfizy'),(2011649,'$2a$10$6Nn0MUTAra8bgwrt5JmIVuz6hF3JEXiPEoF7eQ8ZHOmzVot8dzEaq'),(2011671,'$2a$10$SpEeVGlecmbmKIQMsz.xmuHf8Dbuc1uB0A6PlZ8a2OL5ISE1d38Jy'),(2011672,'$2a$10$Dj3MxRTBmxn4Oaxv3mpF4el13KHTyV1kLVmdUz.gvk9dq8sN8fMLq'),(2011698,'$2a$10$09F5xY2f.Pg57n5vZhTy0OU7HxFpzwsWBVdMO.5mFcjsijofG3Yzm'),(2011706,'$2a$10$R7GZlmjUcu4/RpfM97KrluYBgmUrjLfenTUbeIvX1wjSq5V0C0AS.'),(2011738,'$2a$10$p9qUC2kTZoBPgTI3dC.x.eI73fqJVIecNcYUdtC3cZ9EbkWG02Uye'),(2011744,'$2a$10$Yc6kxlwBrzO8tmAPfSUt9uTgzDmV5plycYs/4yKKAkJWJtkRAURtS'),(2011780,'$2a$10$5dQTcw9wnFcSasAjsTcL5O9xITnQBkvPWg3WFOmcKoDziZk6Hz.YK'),(2011797,'$2a$10$n8cXatydtB5093mdb.1I.eyv9cnKkdEV25d3V9vLEsnnVqxWmc4NC'),(2011799,'$2a$10$IWN5CcOo.i/yo9vGlQz4heevZEh2kh3hZaPMhLS2QGWB0Djo67EgC'),(2011833,'$2a$10$JbqJvnVTcFqmltPYWDqKz.ZcWHzukGwO4hq9H3yuCehOUPo9.pW2.'),(2011844,'$2a$10$dZJ0t79/9raoYgBRGONWQO/Sak9rfvrg/BRW1Y6adyFP1Gf4VTWxa'),(2011848,'$2a$10$kCtR8jjRWf2rS0YewY1cNeUJuJAkUekPnSTlpBIk3BsJkufoZWc56'),(2011897,'$2a$10$49NsunuJk6EReitkjj4RIOsuiCsX2/RwNmUPu0AmMH8qHQ/G3Pe/u'),(2011899,'$2a$10$rxOsUKGTXikWe0BWhsJ5zOagKk8gnRDGSzdgP8h3AwtJB2mJs0gnC'),(2011901,'$2a$10$s8Q4Kmu4sbLecTYHUnyIk.a9C/CGJ8SRbAeR4YKtXhs571G8da19u'),(2011920,'$2a$10$ixW2/ugIaQVUF4e8CO9tBu7Pu9Xxsa1KrgwWOuf18ZcLkwNh9IiSC'),(2011951,'$2a$10$HhfOu5wSwSaY04E.voRMBuYfZ59h361M4rlHQcz2d4H2YRFQyoHxO'),(2011969,'$2a$10$bs.qijA7NZ9hfdLQsOQgVOxStOmJIkaqpHIqvitgWZqZIA.cGqrKu'),(2011970,'$2a$10$9Z2xlkMz7y.Uy53Cpqv8x.jCL9QIE4qKGCcy2JCVHnbbnuZvWpI3i'),(2012018,'$2a$10$FPFD6t3jfxWj/.bSmIg7YO5YABsvko4F1FESOzd.H25RU5LVcMH/6'),(2012024,'$2a$10$Ajboowm2N4RDBoAvPye8m.TvwMfgRHN1s/olPafs/0dkZEcEmeLhC'),(2012085,'$2a$10$U0WYoPc7NUU/2bGXYB28ouhfMrZg9D8QCT2IDuz3T8JwiozEb8FLe'),(2012103,'$2a$10$Kfq4QJn8BfmKqoPJy/ZRt.pre1J5tzRz5KM1J53zRanYaeze4LJTa'),(2012107,'$2a$10$RwEPCU4PfO1LczczCcNK7.JCfh9jgmeji8QzcdYLzkc8xPkAgLOu6'),(2012119,'$2a$10$PAohO3VoecopDnfkSmEn3eDx2MyVF.tZpUccEaL3m8hDygRDSnVme'),(2012122,'$2a$10$5l8U6IuMv7iaICBJSfHKr.Inn5EGBxHKIePGXd/UNOdi3zZV7tByy'),(2012158,'$2a$10$kku/eMKlBz0tepviSH2kvOD5wvh10EqFCmM5pNTvQqFu92yS4uxEG'),(2012193,'$2a$10$jht0vmI7kKMWOvm5EKiuLuGLVDRaiGldhm7P.k3hbQBd09BKjeF7e'),(2012196,'$2a$10$p06ALp.2vza5724kVA7NgeoM3.fvAWiYDfcqGjboRa4.oIaRBpmqu'),(2012211,'$2a$10$sNIwlSQFxbvtMRVpHwkcPuB7ZZ84y85lO9NAYh7L2d1iBWcfz/CZO'),(2012233,'$2a$10$pyZS4JKThduyyVU71h.JOujOOu8H0qxc9o0XgE/GO/G.P//ahMoWO'),(2012299,'$2a$10$dvwe7DJXZFyp73rdASOkLOdBCy/DUq.ZK0NoqJm9RITle8cDOB53q'),(2012348,'$2a$10$wX3rQNsMBXoGw32rI7kB9uOzvWz9ydbcWiNQW7hJPgTDRpwsZeqcK'),(2012360,'$2a$10$aXYPeM8orsnoIyJPaEPyNeCwoueK3Ts.91okCk98I1/NxdspP1n9u'),(2012368,'$2a$10$zYMW9yjoUABXsDoNOlcqu.pd84oh2DAF.1eOP7eHFqUMuRg/SZQW6'),(2012383,'$2a$10$qpoOnWEf5rarsDZrpwYxBu/JaiR10XxRurciEOD/Ju.zITzn5ngxy'),(2012388,'$2a$10$ASLFjysah7Eue6ZxZ4GvPeUO4TE7cjN4f.LRJhIUIYBKTgOyj6M66'),(2012392,'$2a$10$yLJr1F3WV/F7/e3XB3igAOpMchy.iF8VeZXnZwsXM9IZwV4S0Nshe'),(2012397,'$2a$10$FMz3nXvEqixN40o05T0wVeipUa7L6cMwYZ04Ep3Iiqi5NWDuSLMLe'),(2012430,'$2a$10$WUJOruywRNYHqG3YUulNvuKXdtFgUyTX04rpTLeeERQ/6RTjYagt6'),(2012445,'$2a$10$pTkMWK./JMZChe7VvdJ/3e/1SW/Xug.olfPn1CBoY3s2X3hd9/BHm'),(2012458,'$2a$10$9Sq7dodoIy2dl7P/zSz6pOKrTiTwxBjh44r.0rCBsmh/KffscgU2e'),(2012504,'$2a$10$c.pHtQ3dpCRCKjyT9HoB4eG03mMuYjiMYjawNAIhVUtFNi9DVOROC'),(2012506,'$2a$10$PChulnCMuujeFu9LRhJxLuZ3dbG8loy3uadYuRhbJYjhbnhRmHSKi'),(2012516,'$2a$10$zlhwYPfpaGv.bJLBlZzibONSw/cgCUaG8HHQBTPi0xxULgCQ3Oa4S'),(2012522,'$2a$10$MlfDiI5lCVKho951c2lLjOaxpk/dm4cxoTqlZgW.sSNUaTNxB8I.q'),(2012527,'$2a$10$Iw9YvwBdoUgd0GPabIg6VO.gQTWRVNK1LAGCZm8nNwcRKPaskRl02'),(2012528,'$2a$10$QgJ1w12dE0Urx05q0ky5wuUC7KXwAJmNXKJtCLkDHrl0w1bX8.zWG'),(2012538,'$2a$10$BBS8Uj46LSxQivj3swo0..1kRIWRcCuqQEyTwIwVpWCNl2V.eE3Xe'),(2012545,'$2a$10$dbKZKLT0EjsLqFbwCn6Dlu/Pkhf/9OrVjoAGb4Wzkdc3h8hxU2bxe'),(2012595,'$2a$10$LGU9COyRE.lH6R0CFFXL5On.zPALpT9huy/8dFqkJXYH2b7ztFTa2'),(2012608,'$2a$10$wJjqvZNCSNVJWD4ITV.yhOCCKal3u/gVitHbdMca/.pvfjls372tG'),(2012653,'$2a$10$Xk4n9cfVXTOiDd.mTcUhPebNsXzuBTmE.ISyE82ab57k7C0bOAit.'),(2012670,'$2a$10$zlgOsyG8gUIdbQOJYJG8g.YlCkk95zWGbhU3dHY7c4U6mSRfKKMXe'),(2012682,'$2a$10$yLDOC2MCRBtqsDOapJqSruUaC3DwKWIGVK2k4xu.8M.56BP2.wPc2'),(2012684,'$2a$10$5qcb5ILakcYlWPO8.BzJEOVtEtBTXF4yGL2aLBs9iiCvQNCNj27mS'),(2012734,'$2a$10$FYS10wKnjx0sddEdeAqx1elwQll5/Gk00hhbBPnc9vF7IlIdHMLxi'),(2012738,'$2a$10$HntlR.XYGFlLrZ5CX3wdeuoBdM2ankAbvDCb5aOdHm9TMCaPfjZ1O'),(2012752,'$2a$10$YaV8dvQnXBvzSNE2RZxroOcxBDZXT82sCuFT.zKfa4TdJywh/dNAe'),(2012754,'$2a$10$sFYMAjyWcVy/QkyQCDPZgeSrlOVtzYXWpvprqejD4JfXYTMAkyXOa'),(2012789,'$2a$10$8oWxBjPBOvciTLfk4tGOmOrmAY2q6ItlVBjDFA3YlbD5hn3pkDbru'),(2012840,'$2a$10$FWb2.3Jcdiv0Hre36v2Jve405EiPl5hm9KcfWVpiDgIJN4FFnYvAi'),(2012850,'$2a$10$sG6erMowk4DkglMcyQJqI.eUX5V6L16NBKqBasYDpkJ8BEYk6fgMu'),(2012863,'$2a$10$9wonOfCtvfuYzXf/z/sS8.JJFPdyBDcnBIReZlnntHFhpjHSml8ce'),(2012920,'$2a$10$XliOezT0JzGLkJF.kG.wlOCGakhzEOEogjCk4NW3GAMI0qRljPLHW'),(2012927,'$2a$10$Gg8W.GQH7gPOb4nslXIUa.n6ybk.zRnb.kK7hy.ESUt.pFwz7dZKe'),(2012945,'$2a$10$9vrH/PbeJXYSMpYR0vcVvOBHQV2KvkqBvpXcb/QR2lhlaPaY0ReTi'),(2012957,'$2a$10$gaDxRBIkiQoG6vhF/TZMtO/Ea4evWSHGSd30u8XkYpYT51PdOUOTO'),(2012989,'$2a$10$RsUOt6PPMnxu2EAk0/DiC.0jxwMks8Jr0TnMnS4bzpgxRlSYDqg/i'),(2013071,'$2a$10$FgaUebpQ.Zce77nYj1mmpu445Dfznkn466FSti81K62rHka3Uxjci'),(2013091,'$2a$10$R0gPr..dskSnBozMtPqxAuJTF0Zls4BYJih6JWFZWEM0LTpKfACSW'),(2013149,'$2a$10$NZI1c0M566N6xLr.LupisuVW0Zu8AtXkWf9GytfLCYEr5pWX2RPzK'),(2013247,'$2a$10$sRanmgFaH6U8qICXA.4.9ecFj/z1UGEO9E2cgedlQ2uyh8Dz57pcq'),(2013329,'$2a$10$aRQZtcf0OEqleB6zSPSZJ.g1S/9uzGk6hku0/xwACCTtRThjyswua'),(2013332,'$2a$10$aPmCPF87fUHFp/8MDFQHpeMDb3kXqKFGMiGmNz3yoIXLXP6pi1CSa'),(2013344,'$2a$10$Cv2Sw9nGnoHA4.zvp3jLK.RA7a2RkHwkrs52fgp3CAGY0hft.lbZK'),(2013375,'$2a$10$uP2tKPrriQtvloqJztdrWuUJmGIIhENUIu8J6Ww7Py.5kBK3L3FrO'),(2013381,'$2a$10$TI3Ch6viWIpigVL887BUReDAS9/zDLRKkjEioMzAG4AZp3p6XZaWi'),(2013383,'$2a$10$tw0Z1bftvAnpUwpLc2zxv.h7nCS.bhrZyk3HTJ.Jyg1MgErljSZxq'),(2013389,'$2a$10$EpuN3pU8N8UEHmR4v6ac8ODIg2kZCm0vlGtbyC2.ZTgRgGHEoiOSq'),(2013392,'$2a$10$WSEGY9onrcOlduwO/2IFz.y90rguFPZT1jrNg3np7lx76NReGNySS'),(2013425,'$2a$10$OY3/Bk.WmIiZ0AKSyNGIoeDMKo1kxLPk1.GpBrJhh7DZA2mpxOH7C'),(2013452,'$2a$10$K0MmIQgoaD2z6FPjg3x/FO7gWwHelod6h9xhobADERYfkUVHOqReO'),(2013489,'$2a$10$zquGS6e6U1h7BuAOsFiRQutk7N7DfCPn1LO7FuyVqmBNFp1Uupcou'),(2013515,'$2a$10$vN10idGT9bZYJ8gOj4Bjr.SLcwVL2i0D8EHyLLV8lrHvBqeZtQphW'),(2013544,'$2a$10$Fw6BKOFrfgoO8ZIoeMuVDu1MTY1EN/hTBhhaEZIoHRvDBLma1F5sW'),(2013552,'$2a$10$Q4UAHYwdYpnQUrby3V3kiuaue4euGXM4kDGAcVwnKoOezvoIMqaJK'),(2013565,'$2a$10$c6q581BHMMvjJEH8Hj0bzeACRuy4rHi6TvS.nInFQbNz6O2d3QkTm'),(2013635,'$2a$10$IFv4ZJtvBg.BPgFIbnVmiOX/QMA62rGKg4G2Gk0p87s9t6vBjNY86'),(2013653,'$2a$10$ldw8Wrxp1qXdF5k3J5O4weDECq6cXZWgQ1pOihtFqtbCGn7CZ4wt6'),(2013673,'$2a$10$z9NahUhbljbcCz7FYu4ikuVdppiI2HJbejbE9Kqd0nHEbMW5Cc1yy'),(2013678,'$2a$10$ZvkV6GsajZIhRkDaiIsFyuaxgbNlGMxlVu/QZuy/oFieXC4N.7TB6'),(2013684,'$2a$10$CrGeTJmfRQRbCBqm2F2AOOX26c/4lJ3uI/6Vdu8pkp4iI5biQ6/vq'),(2013695,'$2a$10$YSPt86moBlTdROKEJdB.qOB51OvMH4laA7jhqkMMBqGNlIjhzu68O'),(2013703,'$2a$10$PRPiVB1vW90w60klQFUyducicdWFEKSWPPsrGgqzRgLBEQEFCZ0.u'),(2013705,'$2a$10$nZkhq/mgr4C/eTxXgYHrR.RYUsE.Kt8ldfFBsxwoGjEOkABXQ25Pa'),(2013722,'$2a$10$nraYe5HODykwZlyblc9N/..yOKzWZrp.DmdP9Nb2n3JKjjD4QRBh2'),(2013728,'$2a$10$w0XwtEV79LzmT8jWgVbztuMB2D0xOs/uANB7yDiGha2ORQVcgm.sm'),(2013736,'$2a$10$I5S9rqktXjJtxUHW8Py//eoKlWWISMBxsHDxQsCnU3i96ngJFcVye'),(2013748,'$2a$10$.U2CUYOCK56J2w..ZLtq8ucxsOJTDHvmNLz6RFg2SXppAmzojOABe'),(2013761,'$2a$10$DTkDkMu4iB5DpPCENWYE5.RbNBDQOdA686UC6ekBF8N6D3jNwJ3G6'),(2013787,'$2a$10$Sg0vQtwzuzlgsCZLwYw5Oujqu1vzuDXgC8IUha82hp3FmxWDSkXIy'),(2013796,'$2a$10$gE4HEu5PYL57PfFtzNks.OffvDaDr3MIiIsJbBEEyWCUhdsyRkwrq'),(2013805,'$2a$10$5jCusA6NHnnEIVsEowBEaOQWirHtsTqgSiL2.JL6l.BysAq8WYNe.'),(2013811,'$2a$10$Mc6uFDN/GUVrOPMMagyqIOghVIUWQuIt6CrQohhHzPbcvIkvI8qya'),(2013827,'$2a$10$71DdmXZpFVRC62rFh5/j/edGwstW/j9dPUs0nZ3D2Q.zeQezVVDK.'),(2013857,'$2a$10$gIn52NLJuSdzExAKNOsWDu4fDuD9uGkHKHN4QGqu76mT6./mlNLC6'),(2013873,'$2a$10$l/wO91Y1/ocALuiVEeeoK.F10snEf.i.ndqhRtNsbZfeiLVzCBM62'),(2013909,'$2a$10$2HmjmV4SyRYuxbfIulEHKu5ATCAVmq3SSl393QOeek3ygc.0Kskc.'),(2013914,'$2a$10$Hok.hXVsTuK2gtdZ0FyRXO.JV/nLFzqJesl2.b0T1MJD1xG2zmnO.'),(2013917,'$2a$10$KCeZBRzXEFhhshYqwqqSkO/u1W6LnzMYZ1EP8J2tieUaygX.4KPtm'),(2013923,'$2a$10$Y0Efp2SYA6Y2XpKUUQJ7Nui9Xk/CYo2F8OgJjsEGLuHwQs39QUB9K'),(2014009,'$2a$10$7PLkc2pYZXNd4lFgHS983OX7JkdC2EypD0Obmn.1256FYhOsvZzcK'),(2014114,'$2a$10$TuOanRyHlv6lFgRPLW7yc.dBlG54YKL/0GKXBQmuwsnxUAwihvLmW'),(2014121,'$2a$10$pWzvimxhnnQBVseIIrA/l.MzcVQmVfP6YQ3JbHo70slgKxyDZw.Ui'),(2014130,'$2a$10$HBsWoh0STgNHtkZL7LLePOkr8knbsIOGSB4FlGhzMTY7qVIm8KYAy'),(2014140,'$2a$10$bDoCijdj76tT1ymir26H7eEpnv9KhaceoUnXLqQyH06/0ibKnOubW'),(2014156,'$2a$10$lo4Pr3CCV9i5o302.5S.X.Y7RkzVk7NPkSAZTeXYDI/3XqybiTD.e'),(2014159,'$2a$10$3icxF0oTKt0b4EXh.nnLBetH5i3zmKvQB90Ng/QCtOqYeFL7Vh0K6'),(2014199,'$2a$10$kRA/KVLwfE3QLNikz0p01uHAYXriYwGq94ofs4waBqUgajCoaldYe'),(2014230,'$2a$10$EZHJxB5de/bHrbzHYoM1YegriKTAmx34dZN2VETbd7MdKMJqTX9M2'),(2014236,'$2a$10$CPL7OZX9/9sOiHGo83dBjOW4GKK9UP.PJ21KcurbXIYelxwBHZhnu'),(2014251,'$2a$10$uAab8msjHI25//gx27uURuuwBBLKMLPLVamJL8EYhkUmdrTZid7pK'),(2014289,'$2a$10$l8COKQuSJ/4Hxl8oVq0xtu2COk1DSqEqOWIFBUmNqsll9luinacXG'),(2014291,'$2a$10$5dbhVZMRJB4VrohpG5j2UeqXP3WAxpWnwmUJMGr3Eu5soDrRID4UC'),(2014294,'$2a$10$WINATb3L3Adrid6lCq6xc..nj8ejyMjR6bYP1Qqu522Ixaq20zu5u'),(2014295,'$2a$10$trO9TfvVcktFOKMSvyvBNeRZKDgzJxEbYCjmKeMBBbgmC6EuyFQrW'),(2014344,'$2a$10$DmOIdqdG5.lU3iSCzu1NwOmytjrXuUgPqn3ZXMjX1806pmDYCTh/6'),(2014364,'$2a$10$8MaDiKyXazGtPNvaWbwAdOJ13fV88iEZ8Kx7LRsb1eOvNoL/Yl6S2'),(2014420,'$2a$10$fyWHi5tLvyj6bmiQNpuPguH3bPmR4OK71q8LVP7rZkU9VmbsDyvpC'),(2014485,'$2a$10$xGuukXrzw7kb3DnI/ENXQeBeE5zRfA.R.xE3I3iGwWP4yr6ntRVay'),(2014486,'$2a$10$6qY8qVzEsunyPKyqmII/suj5LNQe686NC5jnbj1myctfzjVFz9idO'),(2014487,'$2a$10$q5wg.MILeJPPYlTRj/X3H.Xct.rIVOtMKJIgGuxrl/rDw81/z/xyO'),(2014512,'$2a$10$q21z8CDvh/FXAsk2nUxjZ.9/CnosrOD1mH0nuFHI6HrAD0eHDCuqu'),(2014545,'$2a$10$vX314mPht30vhUryuOurc.GVsBG95AqoQGShbeFmj5N0KeL5tFlue'),(2014548,'$2a$10$270oyBLaI7GeNPWYPqhaOu5hEFBY.njmlCCrsmUD2QBfVGxr/XoQ2'),(2014563,'$2a$10$/.VHvFA75jDBd3l6hJaVvessQoRyCpgqNnLyz7hK3jp5baFUv8MOS'),(2014567,'$2a$10$GiiXt.tqnlcZ5hzhM0rn9ed7fiB.Yfzdb/Ufge6xQLrL1/s03sns.'),(2014583,'$2a$10$qF0XYtNpRMxaQKanISqZ5u/Bhk10yWEayNSGrrhv3ewwVXguOtKD6'),(2014591,'$2a$10$AHQ32TEtG9q3CJuLLJHr1.ZXrdx2j8KEUaUbjsy2oWYG41HbkXL/u'),(2014603,'$2a$10$YfiBCdWUBXXEoBVZ2k.LKOg/lN6L1pnVdsV4gdcK27vnFdarV.cAi'),(2014659,'$2a$10$qznkMC6pP5VsUXzry/i2p.lUUJdhuT8mOKREs.CnEPtqiPnF81h96'),(2014725,'$2a$10$LNSf85yebCi6WFJh22ZEGeutEa/0dr6GwT8x4CM/nHT.rksj27ZTW'),(2014731,'$2a$10$L.p9T6Thj43iNvRtEoXEF.QFr6Qibu8YxfQCAiGo9I70v/lj.ncMG'),(2014771,'$2a$10$lsRV1B9942FKVURqIuqzuemb/Ktw/9pXANAjig4ry.RQNNohgBpCW'),(2014773,'$2a$10$zJHuJedsvDbcaK3HaBQxaOmKsnbL7ku3l/97RdFykTPcwjBKvDOX6'),(2014775,'$2a$10$Se1mHuhIVa4oAE61T/X6OeyQ/HhOtnAWIS9vWmeXJvbwQocTIB.L2'),(2014805,'$2a$10$KRh0z17cOW9Rao4UClaY1OTwhk.Kon7WqFnionKmrYR9QxgnKwg16'),(2014815,'$2a$10$ua7fbzRxTYtwmpCChKVLzebIgzv7E1L/Gr7S3OrdBFdHRSJgwuhI2'),(2014882,'$2a$10$agkAtINOoQmry3WfbZlp2OPh1lonl4Ym.AsD1l19x2j3kwfkNObFm'),(2014921,'$2a$10$iTMz3AeR2Lnc.YNtJheoiuCmOb6.2lF9j.J/1uL5V4XPJemwFcPBG'),(2014931,'$2a$10$oaxivmiZHOM2ni62CD2xZOLO08QbjbxRhkfdr5MRpCGc6JOIjieei'),(2014946,'$2a$10$wrJFHex9fpAaRjzbxckESe10ykFAq720HURRDqMLn5BJJMQ89EnIy'),(2014949,'$2a$10$V0GzR.ikMNRJLWogDmPpCuzW0p7bQyOJL2g6l.qPyA/W9DgLSAvJ2'),(2014982,'$2a$10$CSgtDa2sS5pen3VOap6KcOk/iniCESfAxHgYtBaJaBcNzJeE0pkQy'),(2015007,'$2a$10$gtb4zYDWMPFCTpVADT53OeVId0.woqM.TQww2SDfyVwXzkSsFf/Py'),(2015025,'$2a$10$YHCP/yxSmG3PthsIpCGUaOuP9QZV3JENhI8GQ8PVPraqvuBH4aIL6'),(2015080,'$2a$10$NxQhTwQAMTqQHkisK4GEUecuAhWn4NzOYCUCw1USnPeMjkOE8sQSm'),(2015107,'$2a$10$iUj/UAOnvaXjZnINpxQODOfi0eadL/q/OTByOMcwGtYpt3WjZkO2u'),(2015108,'$2a$10$x8sLRujPB8hERnXyPwiTgOh/aJtt7LC872QPUuZmkk.30apaRyQ6.'),(2015112,'$2a$10$NpOJkSwIUxKx0HLG6pIBDOziVrEldf8so.kZCf4jv2AiiVkuWH1z6'),(2015118,'$2a$10$JQmzmyHUTa8tXo4SDqnK9.zXnLmNyQl1sgDVosIAtorOt50GNJiOW'),(2015148,'$2a$10$a7XMD9497QSrRwcPw03WLOFvalk/Y/EopwGGqU2MV9KX8Lhq5ObWa'),(2015942,'$2a$10$8/8T1C/ZQKN.NzqEnI/9leAkBYYPWKrwBzqiULpjf7Bt1s0iQz1cq');
/*!40000 ALTER TABLE `user` ENABLE KEYS */;
UNLOCK TABLES;

--
-- Table structure for table `user_role`
--

DROP TABLE IF EXISTS `user_role`;
/*!40101 SET @saved_cs_client     = @@character_set_client */;
/*!50503 SET character_set_client = utf8mb4 */;
CREATE TABLE `user_role` (
  `id` int NOT NULL AUTO_INCREMENT,
  `user_id` int DEFAULT NULL,
  `role_id` int DEFAULT NULL,
  PRIMARY KEY (`id`),
  KEY `user_id` (`user_id`),
  KEY `role_id` (`role_id`),
  CONSTRAINT `user_role_ibfk_1` FOREIGN KEY (`user_id`) REFERENCES `user` (`id`),
  CONSTRAINT `user_role_ibfk_2` FOREIGN KEY (`role_id`) REFERENCES `role` (`id`)
) ENGINE=InnoDB AUTO_INCREMENT=277 DEFAULT CHARSET=utf8mb4 COLLATE=utf8mb4_0900_ai_ci;
/*!40101 SET character_set_client = @saved_cs_client */;

--
-- Dumping data for table `user_role`
--

LOCK TABLES `user_role` WRITE;
/*!40000 ALTER TABLE `user_role` DISABLE KEYS */;
INSERT INTO `user_role` VALUES (1,1752259,1),(2,1752258,1),(3,1,3),(4,2,2),(5,0,1),(6,201,1),(7,1710779,1),(8,1711265,1),(9,1711947,1),(10,1712393,1),(11,1713505,1),(12,1755555,1),(13,1810014,1),(14,1811669,1),(15,1812778,1),(16,1813159,1),(17,1814446,1),(18,1814454,1),(19,1870015,1),(20,1910643,1),(21,1911437,1),(22,1911704,1),(23,1912980,1),(24,1913424,1),(25,1913678,1),(26,1913832,1),(27,1916081,1),(28,1952740,1),(29,2010044,1),(30,2010102,1),(31,2010113,1),(32,2010133,1),(33,2010170,1),(34,2010173,1),(35,2010206,1),(36,2010226,1),(37,2010230,1),(38,2010236,1),(39,2010276,1),(40,2010285,1),(41,2010286,1),(42,2010289,1),(43,2010301,1),(44,2010330,1),(45,2010339,1),(46,2010391,1),(47,2010396,1),(48,2010405,1),(49,2010407,1),(50,2010416,1),(51,2010418,1),(52,2010421,1),(53,2010445,1),(54,2010455,1),(55,2010468,1),(56,2010480,1),(57,2010514,1),(58,2010524,1),(59,2010651,1),(60,2010655,1),(61,2010663,1),(62,2010714,1),(63,2010733,1),(64,2010734,1),(65,2010737,1),(66,2010747,1),(67,2010767,1),(68,2010785,1),(69,2010829,1),(70,2010859,1),(71,2010863,1),(72,2010926,1),(73,2010928,1),(74,2010951,1),(75,2010961,1),(76,2010968,1),(77,2011060,1),(78,2011064,1),(79,2011087,1),(80,2011128,1),(81,2011134,1),(82,2011151,1),(83,2011169,1),(84,2011203,1),(85,2011230,1),(86,2011266,1),(87,2011268,1),(88,2011283,1),(89,2011286,1),(90,2011291,1),(91,2011292,1),(92,2011297,1),(93,2011312,1),(94,2011313,1),(95,2011315,1),(96,2011318,1),(97,2011350,1),(98,2011364,1),(99,2011365,1),(100,2011368,1),(101,2011383,1),(102,2011401,1),(103,2011420,1),(104,2011421,1),(105,2011424,1),(106,2011507,1),(107,2011526,1),(108,2011553,1),(109,2011572,1),(110,2011649,1),(111,2011671,1),(112,2011672,1),(113,2011698,1),(114,2011706,1),(115,2011738,1),(116,2011744,1),(117,2011780,1),(118,2011797,1),(119,2011799,1),(120,2011833,1),(121,2011844,1),(122,2011848,1),(123,2011897,1),(124,2011899,1),(125,2011901,1),(126,2011920,1),(127,2011951,1),(128,2011969,1),(129,2011970,1),(130,2012018,1),(131,2012024,1),(132,2012085,1),(133,2012103,1),(134,2012107,1),(135,2012119,1),(136,2012122,1),(137,2012158,1),(138,2012193,1),(139,2012196,1),(140,2012211,1),(141,2012233,1),(142,2012299,1),(143,2012348,1),(144,2012360,1),(145,2012368,1),(146,2012383,1),(147,2012388,1),(148,2012392,1),(149,2012397,1),(150,2012430,1),(151,2012445,1),(152,2012458,1),(153,2012504,1),(154,2012506,1),(155,2012516,1),(156,2012522,1),(157,2012527,1),(158,2012528,1),(159,2012538,1),(160,2012545,1),(161,2012595,1),(162,2012608,1),(163,2012653,1),(164,2012670,1),(165,2012682,1),(166,2012684,1),(167,2012734,1),(168,2012738,1),(169,2012752,1),(170,2012754,1),(171,2012789,1),(172,2012840,1),(173,2012850,1),(174,2012863,1),(175,2012920,1),(176,2012927,1),(177,2012945,1),(178,2012957,1),(179,2012989,1),(180,2013071,1),(181,2013091,1),(182,2013149,1),(183,2013247,1),(184,2013329,1),(185,2013332,1),(186,2013344,1),(187,2013375,1),(188,2013381,1),(189,2013383,1),(190,2013389,1),(191,2013392,1),(192,2013425,1),(193,2013452,1),(194,2013489,1),(195,2013515,1),(196,2013544,1),(197,2013552,1),(198,2013565,1),(199,2013635,1),(200,2013653,1),(201,2013673,1),(202,2013678,1),(203,2013684,1),(204,2013695,1),(205,2013703,1),(206,2013705,1),(207,2013722,1),(208,2013728,1),(209,2013736,1),(210,2013748,1),(211,2013761,1),(212,2013787,1),(213,2013796,1),(214,2013805,1),(215,2013811,1),(216,2013827,1),(217,2013857,1),(218,2013873,1),(219,2013909,1),(220,2013914,1),(221,2013917,1),(222,2013923,1),(223,2014009,1),(224,2014114,1),(225,2014121,1),(226,2014130,1),(227,2014140,1),(228,2014156,1),(229,2014159,1),(230,2014199,1),(231,2014230,1),(232,2014236,1),(233,2014251,1),(234,2014289,1),(235,2014291,1),(236,2014294,1),(237,2014295,1),(238,2014344,1),(239,2014364,1),(240,2014420,1),(241,2014485,1),(242,2014486,1),(243,2014487,1),(244,2014512,1),(245,2014545,1),(246,2014548,1),(247,2014563,1),(248,2014567,1),(249,2014583,1),(250,2014591,1),(251,2014603,1),(252,2014659,1),(253,2014725,1),(254,2014731,1),(255,2014771,1),(256,2014773,1),(257,2014775,1),(258,2014805,1),(259,2014815,1),(260,2014882,1),(261,2014921,1),(262,2014931,1),(263,2014946,1),(264,2014949,1),(265,2014982,1),(266,2015007,1),(267,2015025,1),(268,2015080,1),(269,2015107,1),(270,2015108,1),(271,2015112,1),(272,2015118,1),(273,2015148,1),(274,2015942,1),(275,1752015,1),(276,1752041,1);
/*!40000 ALTER TABLE `user_role` ENABLE KEYS */;
UNLOCK TABLES;
/*!40103 SET TIME_ZONE=@OLD_TIME_ZONE */;

/*!40101 SET SQL_MODE=@OLD_SQL_MODE */;
/*!40014 SET FOREIGN_KEY_CHECKS=@OLD_FOREIGN_KEY_CHECKS */;
/*!40014 SET UNIQUE_CHECKS=@OLD_UNIQUE_CHECKS */;
/*!40101 SET CHARACTER_SET_CLIENT=@OLD_CHARACTER_SET_CLIENT */;
/*!40101 SET CHARACTER_SET_RESULTS=@OLD_CHARACTER_SET_RESULTS */;
/*!40101 SET COLLATION_CONNECTION=@OLD_COLLATION_CONNECTION */;
/*!40111 SET SQL_NOTES=@OLD_SQL_NOTES */;

-- Dump completed on 2021-04-18 13:53:30
